xcenter,ycenter,fwhm,flux_2_apcor,flux_4_apcor,flux_6_apcor,flux_8_apcor,flux_10_apcor,err_2_apcor,err_4_apcor,err_6_apcor,err_8_apcor,err_10_apcor,RA_GAIA_WCS,DEC_GAIA_WCS,GAIA_CAT_RA,GAIA_CAT_DEC
766.7429982207043,85.83856817506793,6.784654971143635,3.630242625714244e-19,7.666451588545563e-19,1.0677983886401986e-18,1.408390694914659e-18,1.6435921921821777e-18,2.781352827821829e-19,4.764356558449581e-19,6.173239034066217e-19,7.20107627810316e-19,7.876327424627529e-19,119.30477051811472,-60.94945180113537,-999.0,-999.0
577.7192212469746,162.1070485019577,1.9990268439479133,8.339061750501952e-17,8.289970254371182e-17,7.202583010761347e-17,7.163803574732414e-17,7.053578379140704e-17,4.213811694849948e-18,4.951428383249968e-18,5.0655930242505154e-18,5.128941653592286e-18,5.149167215001086e-18,119.3104770844569,-60.948871714381305,119.31048010024058,-60.94887385145199
1666.1856253962812,161.35963617376188,2.0239543578106325,8.005736450432286e-18,7.889155550976242e-18,6.8391329807062905e-18,6.78969766424603e-18,6.6733633930723074e-18,1.3056245070146014e-18,1.5274707403229423e-18,1.5609738564124207e-18,1.5790629306289432e-18,1.5839393542366467e-18,119.27983112783997,-60.946215236707644,-999.0,-999.0
3593.3443226208387,184.24461417506876,7.197647560176187,1.4728853813458784e-19,3.249681490335031e-19,4.549276576944412e-19,5.890156316154387e-19,6.682262636304399e-19,1.7726761797363494e-19,3.104433663757772e-19,4.03438919893459e-19,4.666065009054058e-19,5.0382036809415365e-19,119.22570716710145,-60.94116392304665,-999.0,-999.0
1357.486202353487,189.3804217991429,2.0672933250122116,2.9131026614946118e-18,2.9360506692178984e-18,2.531785760659233e-18,2.4985301998950652e-18,2.4733668173430744e-18,7.876121478154409e-19,9.319484076412546e-19,9.500323908123559e-19,9.584800423499279e-19,9.653811892005957e-19,119.28866260509355,-60.94658918096707,-999.0,-999.0
1791.5526265304368,211.359168476347,3.5752815904667807,3.1516245475970985e-18,5.2667318745721634e-18,6.421247776855404e-18,7.817048509254916e-18,8.699859155891832e-18,8.197731458245006e-19,1.2497002025933315e-18,1.5160297026450668e-18,1.7007978356143364e-18,1.8197487815390243e-18,119.27655505089285,-60.945224142054556,-999.0,-999.0
3357.762407894084,190.16176739401268,2.0162882741700456,3.676497250388554e-18,3.665738390837275e-18,3.1802737513959175e-18,3.141657505852272e-18,3.09160172795696e-18,8.847890588176714e-19,1.0412474829185658e-18,1.064549014905692e-18,1.0743167978290138e-18,1.078457839161416e-18,119.2323667639596,-60.94166345870177,-999.0,-999.0
1431.8801828065948,193.9816640528866,2.252601377043114,6.806050685498623e-18,6.836074592158797e-18,5.956874870014677e-18,5.932466364098537e-18,5.846715503482905e-18,1.2038417609079152e-18,1.421915938855559e-18,1.456920197745723e-18,1.4762353193240313e-18,1.4829940012503212e-18,119.28659165258988,-60.94634390026546,-999.0,-999.0
1340.132983720145,200.9406125916419,1.7178351905768583,4.1486528475300513e-17,4.0645533928270024e-17,3.5199078442949547e-17,3.498675474705572e-17,3.441240003604684e-17,2.972143845103662e-18,3.46704677870812e-18,3.5411966897861606e-18,3.584298701566043e-18,3.596526010064863e-18,119.28920951290107,-60.94647368245425,-999.0,-999.0
3339.1344256834877,210.13568754726762,8.054509209050018,3.211449854235425e-19,7.286660595747445e-19,9.601966596238208e-19,1.1120482325455148e-18,1.1769348485099304e-18,2.615596381458867e-19,4.643644603721649e-19,5.851798214505506e-19,6.395930869375422e-19,6.661427847058598e-19,119.23299237156425,-60.941436324276694,-999.0,-999.0
3498.692783507594,243.91074425885682,2.071793397417611,7.795319476308668e-18,7.853731887986358e-18,6.815397628185977e-18,6.775448350625977e-18,6.671093123463629e-18,1.2883561313184645e-18,1.5240513592770171e-18,1.5582973494470657e-18,1.5774760840098182e-18,1.5838008836859908e-18,119.22867371086807,-60.94058161856481,-999.0,-999.0
360.9421710016828,245.54849035874565,5.574407419245513,3.783931631455689e-19,7.088469191776417e-19,8.526791316921157e-19,9.581144964057893e-19,9.915002330452812e-19,2.8389874773439347e-19,4.579881198161686e-19,5.514358515206897e-19,5.936775252530141e-19,6.114395502127312e-19,119.31700096707354,-60.94826118992164,-999.0,-999.0
647.6227870377273,315.6121651095366,2.0947690942885755,1.1944747428724429e-16,1.1869061754379512e-16,1.0302960113920946e-16,1.0245990825717802e-16,1.009341556613391e-16,5.043190501547091e-18,5.924658868277915e-18,6.05856788750637e-18,6.133927395845915e-18,6.159732621616137e-18,119.30928333742855,-60.94660202915632,119.30928611299451,-60.94660292202344
3321.3539787821765,307.31863110610993,9.092692748026598,1.859003407526198e-19,4.179652454612801e-19,5.870095854254003e-19,7.314624420464318e-19,8.213412688643911e-19,1.991171491336418e-19,3.5197660196492615e-19,4.580858075575725e-19,5.19690172419576e-19,5.581032844558722e-19,119.23398598156435,-60.94015175963472,-999.0,-999.0
3353.9898532607567,315.9237462699824,1.9687398432231704,3.5390040767411616e-17,3.5267577143902945e-17,3.0574368770189045e-17,3.033639582273816e-17,2.9856928546456567e-17,2.745093412966429e-18,3.2295501027908758e-18,3.3003912417268923e-18,3.3376365025675167e-18,3.35009330909592e-18,119.23311127137796,-60.93995376397131,119.23311186863017,-60.939949342152374
530.7565079342836,359.1692185333429,2.2033343338316733,1.5431482390049657e-16,1.5285760790785735e-16,1.3275953705988478e-16,1.3197649473991415e-16,1.3003176878201256e-16,5.732204881993642e-18,6.723599870510009e-18,6.877484555699288e-18,6.9618686042923e-18,6.991925485610379e-18,119.31279301368008,-60.94629246881555,119.31279480463368,-60.946293722892705
677.1367273656986,365.1222722690246,1.8782469814225213,6.188280583414966e-17,6.065915442387375e-17,5.263310674512395e-17,5.230225260578313e-17,5.150104032964993e-17,3.629958445460766e-18,4.235480366324745e-18,4.3302888033595e-18,4.382466361271635e-18,4.3999202363959016e-18,119.30870219860779,-60.945852932587485,119.30869804709741,-60.94585240975969
2651.2164898533433,393.3414388023017,1.6626910282190612,1.5654248654789424e-16,1.5218274049860095e-16,1.3188701751858877e-16,1.3098466312896805e-16,1.2899474951855164e-16,5.773419339529002e-18,6.7086993137492106e-18,6.854743069080137e-18,6.935445118089388e-18,6.963592820762939e-18,119.25328081812052,-60.94062492398625,119.2532848843965,-60.940624668385276
2598.2502260638303,390.5610758440506,8.1459067706409,1.1081074444107113e-19,2.633373118101082e-19,3.6747995902284673e-19,4.638701365333059e-19,5.123702241305751e-19,1.537971487791955e-19,2.7952659090718908e-19,3.627325655493547e-19,4.1436573819595813e-19,4.417302313528789e-19,119.25475733347703,-60.94079314925799,-999.0,-999.0
3102.3035952974196,410.86709788367745,1.9635448887120965,1.5246556293483063e-17,1.514858371685447e-17,1.3125612700110486e-17,1.3019384182707773e-17,1.2807381930124645e-17,1.80178515509613e-18,2.1166152340461478e-18,2.1624726871108847e-18,2.186556839049343e-18,2.194220430460101e-18,119.24067549956183,-60.93927568774547,-999.0,-999.0
1154.6126161533632,428.16129577102686,4.300312298400616,1.862146506575122e-17,2.8107539175264605e-17,2.7149363339179494e-17,2.7157144661456472e-17,2.6838156601665253e-17,1.9912477083196775e-18,2.8831510401642242e-18,3.110061512838672e-18,3.157940075108768e-18,3.1762835536035663e-18,119.29557946210078,-60.94382201571705,-999.0,-999.0
1415.3401538245716,472.85076763586653,1.51001797785558,3.610933073009759e-18,3.556545132191728e-18,3.104810266881567e-18,3.0989479841746123e-18,3.0647869004766817e-18,8.768724203799611e-19,1.0256535903842014e-18,1.0519208943378084e-18,1.0671463684647498e-18,1.0740580509705676e-18,119.28846631783563,-60.9425721336055,-999.0,-999.0
1187.9230401320185,477.756798671015,4.795050488298683,2.1468314677202457e-19,3.980061091585041e-19,5.066352542917266e-19,6.67819469250806e-19,7.679771728307582e-19,2.1391416019314615e-19,3.433812744115292e-19,4.2546328478110337e-19,4.962985973020589e-19,5.391510010671447e-19,119.29489226520391,-60.94306239128079,-999.0,-999.0
386.6526639075051,502.3361960357121,2.8699714160479,7.48186179736426e-18,8.032770333258893e-18,7.023420142245154e-18,6.984343979115315e-18,6.880039900371498e-18,1.2621884113952542e-18,1.5413261605318852e-18,1.5819019717829019e-18,1.6016130321888518e-18,1.6084196916841822e-18,119.3175714700864,-60.94468758481232,-999.0,-999.0
1877.4001283162665,605.8143793346651,6.162768641214976,5.780159491478913e-16,1.2581496223460142e-15,1.4333398914086492e-15,1.6757306896404857e-15,1.8645051151317158e-15,1.1097862365771796e-17,1.929915422087061e-17,2.2618599640891633e-17,2.4845906382111938e-17,2.654270138937676e-17,119.27613370919555,-60.939621197846215,119.27614549644984,-60.93961964769229
3927.21932029451,503.93769242687915,4.429862373630155,4.1485057855669896e-19,6.67091019323374e-19,7.04091296393936e-19,7.30450187558247e-19,7.570428419359895e-19,2.9727976935407625e-19,4.443713180114211e-19,5.013039383202938e-19,5.188370901544608e-19,5.351251245678064e-19,119.21793664383306,-60.93597122192628,-999.0,-999.0
932.1346651088149,508.4068759396352,1.8655892602439343,1.0798028870891866e-17,1.061130456020986e-17,9.223102484997512e-18,9.18057941909122e-18,9.06353878071544e-18,1.5163176201796732e-18,1.7715074632186696e-18,1.812741637923968e-18,1.8361738584478714e-18,1.8459631653361865e-18,119.30224693994266,-60.943269861139726,-999.0,-999.0
3280.799054201484,576.9674299993875,3.6532188899676497,4.109610164592535e-16,5.225282170981199e-16,4.553114630439735e-16,4.52579460466641e-16,4.460684380096403e-16,9.354549662116227e-18,1.2431474909338347e-17,1.2737204114312219e-17,1.2893532368334054e-17,1.2952671411676356e-17,119.23649544687711,-60.93656588511811,119.23648911407953,-60.9365593974518
231.64890854542517,530.9335788339305,4.5570548955429455,1.386434133809723e-19,2.5155096735071587e-19,2.971633888820506e-19,3.593774668877701e-19,3.921852168730237e-19,1.7193547832919782e-19,2.7307607165852845e-19,3.260709314894931e-19,3.6456792789784257e-19,3.8622738829699824e-19,119.32207909427201,-60.94467556102266,-999.0,-999.0
2976.42295131489,577.039099725562,2.261845921633297,4.778963298659292e-18,5.09312707554984e-18,4.467995098248538e-18,4.440670520753444e-18,4.365706953822883e-18,1.0087615207159591e-18,1.227329179076936e-18,1.2617645522628076e-18,1.2771831649514214e-18,1.2814288485699605e-18,119.24506038609964,-60.937314065439494,-999.0,-999.0
469.1702076326576,602.9909027921565,4.862419112048327,7.707390754134182e-19,1.3885068457745033e-18,1.6594515322176636e-18,1.9146420939047766e-18,2.033597299989253e-18,4.0515560902747605e-19,6.40937678111806e-19,7.691683318596373e-19,8.390045322398773e-19,8.752125197690789e-19,119.31575591777809,-60.943109668117856,-999.0,-999.0
159.14843145528985,621.8365152499325,17.770555591555215,8.186515126366584e-20,2.7929977645500927e-19,4.446017705275005e-19,6.098579302100867e-19,7.545511759456203e-19,1.323161143624432e-19,2.8797783750925027e-19,3.990526198941046e-19,4.750842081724589e-19,5.356228872859443e-19,119.3245779639239,-60.94360993634471,-999.0,-999.0
1216.1364697541387,615.0722021899071,1.8827250651848921,1.3676775436474917e-17,1.3484210429418997e-17,1.1686487112387618e-17,1.1610230608083242e-17,1.1430291526536694e-17,1.7065151595894838e-18,1.996974189063769e-18,2.0405260783392262e-18,2.064927968629562e-18,2.0730683321328397e-18,119.294791500385,-60.94111604253953,-999.0,-999.0
3597.558671239027,617.2848379001438,6.1131319836493745,1.987665540606343e-19,3.853895240883547e-19,4.444194299945581e-19,4.732493691795067e-19,4.841910989950339e-19,2.058219154219872e-19,3.3785588814104263e-19,3.984599902288571e-19,4.1796744891702487e-19,4.2860977299628135e-19,119.2277875474777,-60.935234594788646,-999.0,-999.0
3365.3964968049863,624.5820790171558,1.807819468705176,3.012816878933618e-18,2.983373665644752e-18,2.584444820297205e-18,2.572537905051017e-18,2.53147322863748e-18,8.0096159079522695e-19,9.393681159737023e-19,9.597070637633934e-19,9.72247697665833e-19,9.760624409566463e-19,119.2343567204608,-60.93570674226075,-999.0,-999.0
1304.4585171920555,638.4420139285257,1.6382742089427893,2.3403397943738974e-17,2.2620626447533417e-17,1.9614607341355208e-17,1.9470053137236072e-17,1.9170398606010443e-17,2.232317519360853e-18,2.5864638894827384e-18,2.6434811355566275e-18,2.673868538693382e-18,2.684410015595438e-18,119.29242362800731,-60.9405801435276,119.2924207019896,-60.94057823883038
138.30865744795767,646.5143367833044,2.1015937069792394,3.2066494133042413e-18,3.1902730625975322e-18,2.7638122874668178e-18,2.739378496746661e-18,2.6906361161199596e-18,8.263276068206211e-19,9.714032580680183e-19,9.92472040761258e-19,1.0033236392259958e-18,1.0063617133801066e-18,119.32528890519755,-60.9433234676858,-999.0,-999.0
702.1655968142661,665.4865903756729,7.723161564758425,2.675411458289601e-19,5.68063601064172e-19,8.036528654385156e-19,1.08781893784176e-18,1.3476760346046356e-18,2.389313513341964e-19,4.1051892150201702e-19,5.363404683279727e-19,6.342365607532872e-19,7.153791837612071e-19,119.30951253699251,-60.941685275063506,-999.0,-999.0
1654.1825092241058,684.3518014229404,2.0039642362179158,7.758613751377322e-17,7.631512035327785e-17,6.621483808786477e-17,6.581573456424659e-17,6.483825627993305e-17,4.064515807239093e-18,4.7507270647143334e-18,4.856973404594647e-18,4.91614507002482e-18,4.936908477132227e-18,119.28281282827389,-60.939095169318705,119.28281863337155,-60.93909602627644
4054.238924145771,687.3563935262773,12.180794455401683,1.1406508673778e-19,2.975851810932994e-19,4.420937768801609e-19,5.636660802949052e-19,6.272344850355191e-19,1.5604285523246285e-19,2.97112510375685e-19,3.9772829707932917e-19,4.5651679270958735e-19,4.882802591179778e-19,119.21529513938447,-60.93315098892827,-999.0,-999.0
310.80632173681266,687.7375863898789,18.460979948796428,7.015409111117551e-20,1.926653982534128e-19,3.3684723563082553e-19,4.475167989684625e-19,5.128181939834597e-19,1.2242114457060496e-19,2.391497457544951e-19,3.4720704101039654e-19,4.067752449211363e-19,4.414394890340801e-19,119.32064081095288,-60.94233825423722,-999.0,-999.0
2748.0259321148415,756.0501076676685,2.633316778956289,2.7487396060128437e-16,2.754606058404527e-16,2.3889636499437124e-16,2.373378933087246e-16,2.3379845188360293e-16,7.650430863593486e-18,9.025926232109587e-18,9.225940784105394e-18,9.336405629742519e-18,9.376208862961154e-18,119.25239434938004,-60.93542890736543,119.25239563907023,-60.93542963939693
3680.4901033315623,699.8339939534568,6.665749350230778,4.7029047802672325e-20,1.2317959275973845e-19,1.9566969081920495e-19,2.7223546767299557e-19,3.0884352229587635e-19,1.0026027487567757e-19,1.9130057724963022e-19,2.6483409050867863e-19,3.175759110076518e-19,3.4313183564846797e-19,119.2258734063321,-60.93390192408765,-999.0,-999.0
3941.4817933903396,724.9802397460777,1.9531248671518333,1.1033894253200372e-16,1.1018537906682476e-16,9.575915396563613e-17,9.508364376767955e-17,9.370879742830734e-17,4.8470934101389e-18,5.708439450036117e-18,5.840899532713936e-18,5.909025524674639e-18,5.9351999034566115e-18,119.21865849682403,-60.93291483536776,119.21865673564375,-60.93291354096128
191.7190300859131,725.5912299250353,2.480389181141146,5.529963965803056e-18,5.707496091048688e-18,4.9640669641927996e-18,4.9298123027343234e-18,4.8645782273739976e-18,1.0851314356521543e-18,1.2992444008170694e-18,1.3299623713520575e-18,1.3456782864870231e-18,1.3526450830000606e-18,119.32418369930734,-60.942111803543625,-999.0,-999.0
3089.9325049368117,756.929372829831,4.961771924099198,2.0726955114083175e-19,3.961991416451062e-19,4.955508162328749e-19,6.336917386572312e-19,7.883094940294539e-19,2.103352977710111e-19,3.429863132392357e-19,4.2160015060136804e-19,4.849676037503403e-19,5.485897287091553e-19,119.24277859792103,-60.93457584041668,-999.0,-999.0
3897.6264438632584,751.7529788932436,2.202688354841369,1.2636471560369573e-17,1.282972275108936e-17,1.1156164055927187e-17,1.1048462416303368e-17,1.0869863325620133e-17,1.6403289101818128e-18,1.9479023502389293e-18,1.9936765669753497e-18,2.0143255190455547e-18,2.02155916260068e-18,119.2200282837898,-60.93265704080485,-999.0,-999.0
430.40553235004194,823.8068441409372,2.9474416870445337,3.391855454218861e-16,3.5547213476704917e-16,3.099155284227947e-16,3.100399621098712e-16,3.0606932568988315e-16,8.498492660948726e-18,1.0253606789571765e-17,1.0508878332220964e-17,1.0672418025533627e-17,1.0730562699081816e-17,119.31795994770414,-60.94018553005737,119.31795869152971,-60.94018624608207
3494.834125395381,775.7122308933286,2.086474782168682,1.4373200098926187e-17,1.4277646781916976e-17,1.2373458120989511e-17,1.2270130125824957e-17,1.2092851079545607e-17,1.749421348033809e-18,2.0548778105615637e-18,2.0996203358950085e-18,2.1227512174184876e-18,2.132214178811755e-18,119.23148188824005,-60.93332221145778,-999.0,-999.0
550.3076013633104,873.5770773125317,3.747809113550115,4.947224455937111e-16,6.301069521959681e-16,5.531844446715184e-16,5.515401721957526e-16,5.44175922889824e-16,1.0263950518439843e-17,1.3652195328493987e-17,1.404175578418711e-17,1.423796846134651e-17,1.4314510441393284e-17,119.31483596460592,-60.93921186239756,119.31483605709745,-60.93920989742337
1108.4902038812818,807.7163171161949,5.9736922288269865,2.422856178524773e-19,4.821886947121921e-19,6.022867446248713e-19,7.19495936529966e-19,7.691660706452507e-19,2.272091061295682e-19,3.7782414823075245e-19,4.636299617331839e-19,5.147726397526069e-19,5.390563807307637e-19,119.29879371684497,-60.93874610183902,-999.0,-999.0
3382.519725267967,920.4335958299691,7.176222317749894,5.501002679022115e-16,1.2751248576940852e-15,1.6221334069995261e-15,1.9392875720820024e-15,2.138357529387756e-15,1.0831247580794469e-17,1.9439730848199436e-17,2.408217005974011e-17,2.6765077698148588e-17,2.8489925120876334e-17,119.23537604204493,-60.9316206845207,-999.0,-999.0
1958.624196781032,875.7716521597531,2.227907417673963,1.5520237440843612e-16,1.5384454955177544e-16,1.3339721699040768e-16,1.32501111780966e-16,1.3055524593672866e-16,5.7486640398070036e-18,6.7452641111501815e-18,6.893965863660952e-18,6.975659283670957e-18,7.00592484132493e-18,119.27521308674156,-60.935731506855504,119.27521273079148,-60.935731069529055
4054.9475324488903,865.4612138682426,3.04900171158635,2.4957075417864197e-17,2.7085768020248566e-17,2.3710720720716916e-17,2.3588751216268337e-17,2.3744426541810252e-17,2.3052320524583273e-18,2.830269759906198e-18,2.9064732145145777e-18,2.943230282158411e-18,2.9877248001067177e-18,119.2161802789638,-60.9307149167521,119.21619165564483,-60.930720451434055
427.64695166692167,898.5138555121686,2.494859941649329,1.446605084230791e-18,1.4673000892122059e-18,1.3020123077530312e-18,1.3115173624236155e-18,1.304061628716776e-18,5.550404196463509e-19,6.588947542169267e-19,6.814591738264045e-19,6.947636380022389e-19,7.015893892598821e-19,119.31841403720563,-60.939170897920675,-999.0,-999.0
1387.4631453748418,913.2583405421038,1.8229056799332568,6.938552788901632e-17,7.328620053921783e-17,6.40827942440296e-17,6.394064937679365e-17,6.3085411576415e-17,3.8437290809918626e-18,4.6555408158255516e-18,4.778251839075273e-18,4.8458395111772986e-18,4.8701449384583e-18,119.29147541811072,-60.93661977317001,119.29147080516395,-60.936617428065816
3056.459734725628,921.1881898749607,3.479097426337099,1.505455238530516e-18,2.3494898755321158e-18,2.6196018365603873e-18,3.0164924459895568e-18,3.230205189477344e-18,5.662624488848907e-19,8.338243393417937e-19,9.666219095481805e-19,1.0535319478118327e-18,1.1038002950112187e-18,119.24455315013766,-60.932412955760086,-999.0,-999.0
705.3650773075262,925.148220423969,4.8653064358261915,2.182683080837398e-19,4.099031571471283e-19,5.493317618214657e-19,7.069791326855656e-19,8.51682799604662e-19,2.1571066925583735e-19,3.485196816204842e-19,4.430848862559667e-19,5.107722480713778e-19,5.678990328542146e-19,119.31073181512824,-60.938127489799136,-999.0,-999.0
390.0327355768869,920.163966316436,5.384563946874864,1.7981766626207903e-18,3.4459620417916106e-18,3.458920700760555e-18,3.480403527108377e-18,3.468680584960573e-18,6.188106914501867e-19,1.0095965633001943e-18,1.1102906249730874e-18,1.1309197420572745e-18,1.1426345881996773e-18,119.31958181269546,-60.938966868024664,-999.0,-999.0
1457.3839380845436,1007.866948737561,4.271215521273819,4.3248510797413198e-16,6.491990501088285e-16,5.94252437191448e-16,5.91408289844561e-16,5.838219525732712e-16,9.5968503033126e-18,1.3857883760708672e-17,1.4554479022239447e-17,1.4745309346933278e-17,1.4829965046837118e-17,119.28998555955087,-60.93515503528161,-999.0,-999.0
1656.4871748473488,956.7472492341678,6.409862494797421,6.986940362898165e-20,1.5648517444037645e-19,2.094377899107165e-19,2.6315481774542936e-19,3.037663495522616e-19,1.2218536547866564e-19,2.1565215932438187e-19,2.742210146792142e-19,3.128010164784285e-19,3.4122464306134885e-19,119.28412451303562,-60.93536574201049,-999.0,-999.0
2727.2122780939417,1045.1020914747,1.5779852659830975,1.045084565586018e-16,1.0216984666983995e-16,8.856141924554905e-17,8.793490197253911e-17,8.664751773878402e-17,4.71729711077344e-18,5.4969102697431605e-18,5.617156161246283e-18,5.682677859651514e-18,5.7074306971796705e-18,119.25444423437781,-60.93152892855876,119.25444309250244,-60.93152979173434
1842.3070221852927,1059.1681348937848,2.8864971525149934,1.152426269533782e-17,1.2288807763317504e-17,1.0805366352164294e-17,1.0751714210516132e-17,1.0622994256621296e-17,1.5664825646801525e-18,1.9064077178043757e-18,1.9621060398264285e-18,1.987140065980451e-18,1.9985615242993216e-18,119.27941332195137,-60.93350983681327,-999.0,-999.0
112.18585630006312,1081.7392483646709,6.866016872719136,5.841688885719187e-20,1.1780207483427023e-19,1.6885376160277956e-19,2.3440834128378724e-19,2.946279214824579e-19,1.1178893315370395e-19,1.873298853760987e-19,2.465914045317328e-19,2.9568832685927854e-19,3.3654655698985313e-19,119.32821572968332,-60.937436860208265,-999.0,-999.0
1963.9301523832944,1137.5327788273019,0.16074342416326015,4.999464987771759e-19,1.892096053892133e-18,6.4820860359974505e-18,5.629712890650899e-17,1.9395838841812624e-16,3.6065431530336586e-19,8.141371711082148e-19,1.604525817933965e-18,4.6069334203940195e-18,8.597713127646873e-18,119.27638731321055,-60.93214016200913,-999.0,-999.0
1009.5442931615001,1116.3532352885663,2.078328518647666,3.068030604566046e-18,3.060474234997142e-18,2.656589757350785e-18,2.623947440224626e-18,2.561716120820987e-18,8.082724954981029e-19,9.514466030432893e-19,9.730540292531213e-19,9.820083105952117e-19,9.820558805411527e-19,119.30313565942224,-60.93476897967046,-999.0,-999.0
2701.9328793321906,1130.4065307601902,1.7816375028167473,4.617008296490612e-18,4.630486364472954e-18,4.0342273001113566e-18,4.009024962221493e-18,3.9287554233204655e-18,9.915277685602724e-19,1.1702872107352276e-18,1.1990238858663129e-18,1.2136699593553722e-18,1.2158843285421008e-18,119.25558748447214,-60.930425012290215,-999.0,-999.0
1087.418666065999,1131.8660883551217,2.026707572386214,2.7436883327631434e-18,2.7424001286712195e-18,2.382245120094638e-18,2.3892666087928492e-18,2.35615936514259e-18,7.643595782379329e-19,9.00664069063944e-19,9.21480073423558e-19,9.371370060086979e-19,9.419551963039249e-19,119.30102247823996,-60.9343662243508,-999.0,-999.0
2463.8564000014526,1237.9838310169164,6.582481927866057,5.564682498256743e-16,1.2845656918892427e-15,1.5232930704649996e-15,1.7482978921372045e-15,1.811332139977036e-15,1.0889413267946136e-17,1.950104104868208e-17,2.3317388950418468e-17,2.5378664007810115e-17,2.6167606605878957e-17,119.26283002334705,-60.929539539044306,-999.0,-999.0
820.0203756962862,1160.157570005084,2.007728910015501,8.063523705704743e-18,8.104470680721669e-18,7.036448860125635e-18,6.998912626558104e-18,6.894767626341935e-18,1.310336856976564e-18,1.5482061679812255e-18,1.5834104856870738e-18,1.6033689654336499e-18,1.6103003020686143e-18,119.30869000990852,-60.93463401707358,-999.0,-999.0
2119.9949861802356,1165.2314540935813,1.9769241665660227,2.9900348464468213e-18,2.9843262839040267e-18,2.5888748727222823e-18,2.568780596277454e-18,2.5209674101460797e-18,7.9793674896941e-19,9.395517526642206e-19,9.606136050355724e-19,9.717126876774175e-19,9.743619713314946e-19,119.27213631030354,-60.9313784852781,-999.0,-999.0
1120.4753297218533,1178.4555566333129,2.4081342683833884,3.316932502141053e-18,3.4329839680197155e-18,2.9912414955843173e-18,2.9461550833231802e-18,2.8960827413436686e-18,8.404151079760805e-19,1.0076670886245628e-18,1.032472177618984e-18,1.040448520431507e-18,1.0439765856569687e-18,119.30032732889282,-60.93364834478571,-999.0,-999.0
1907.3736495689734,1194.0540030606392,3.4715940392373548,1.64545796035198e-18,2.210151910612938e-18,2.2028284305159138e-18,2.354962682262129e-18,2.4242169819304815e-18,5.919485903680891e-19,8.085745286877546e-19,8.861197182129997e-19,9.303910168570932e-19,9.55431857816251e-19,119.27826434046041,-60.93150627425867,-999.0,-999.0
1946.8772796846013,1200.7280099557004,3.26237843665933,4.547438764921612e-19,6.476960945784909e-19,6.452192620077958e-19,6.604404259796177e-19,6.631937912303321e-19,3.1124875486722105e-19,4.379009457748122e-19,4.800025351572118e-19,4.935910080437886e-19,5.013578315808987e-19,119.27718659936457,-60.93131811303772,-999.0,-999.0
2119.468831375935,1252.8828092141248,16.029750808454313,1.2350657067948572e-19,3.0626012113888465e-19,4.982164853088858e-19,7.057710035808949e-19,8.422576773354875e-19,1.6252687147792218e-19,3.017994997699705e-19,4.228497392615824e-19,5.117408336214248e-19,5.67128423060684e-19,119.27259438510632,-60.930181577498466,-999.0,-999.0
2604.4849839585977,1250.373199689527,2.1023863511670116,1.2612545076889252e-17,1.2849095725802886e-17,1.1175414944363194e-17,1.1111713758359591e-17,1.092970168667296e-17,1.6387804598612932e-18,1.9493915135709437e-18,1.99544372854209e-18,2.0201807560412443e-18,2.0272967791761728e-18,119.25893644374626,-60.92902464185279,-999.0,-999.0
1113.927193989055,1276.8288108593922,2.148539451785213,8.713113594486088e-17,8.797846723107992e-17,7.640914081629627e-17,7.589739907806793e-17,7.478694686007598e-17,4.3072880823007496e-18,5.100870714314191e-18,5.21751841407314e-18,5.2793438856892964e-18,5.3023039950379565e-18,119.30100792229388,-60.93231950737759,119.30100373461916,-60.932323512204825
236.33073660051147,1278.3086688327455,5.0018694314748355,3.1815925373677713e-19,6.089242769246221e-19,8.016749979053123e-19,1.022366467244224e-18,1.1642109369331334e-18,2.6051114078730876e-19,4.2498147502898353e-19,5.356824712937851e-19,6.149981585020743e-19,6.654449780103285e-19,119.32571145736092,-60.93444601728446,-999.0,-999.0
3563.5962293304224,1267.2562829859476,2.2293131737553415,2.8664182673799962e-18,2.921278245005465e-18,2.5567140122050716e-18,2.5434546832405425e-18,2.522439454127523e-18,7.812698762583897e-19,9.295782578714695e-19,9.546362984613684e-19,9.669258898422582e-19,9.746637805940315e-19,119.23204186326593,-60.926434151121214,-999.0,-999.0
1356.332867452803,1340.5280097528641,3.876043282317432,1.2287554752837735e-17,1.6206626729271678e-17,1.4624501948552674e-17,1.4534269080202018e-17,1.4349895281099692e-17,1.6175299858896142e-18,2.18930532098552e-18,2.282655583265317e-18,2.3103640994914493e-18,2.3227786855282356e-18,119.29450861411513,-60.93085492293143,-999.0,-999.0
3875.9707180478463,1354.2923974402188,1.9295707398598039,7.349611622587929e-18,7.372603799610932e-18,6.4137117809448494e-18,6.377337402849806e-18,6.287350105000088e-18,1.2509865912025051e-18,1.4766472060784687e-18,1.5117186678086354e-18,1.5305126096604126e-18,1.5377260040763435e-18,119.22369745686565,-60.92447482079883,-999.0,-999.0
148.2231120930653,1358.4164206039243,2.301238166879937,3.311154909119196e-18,3.4103217489698937e-18,2.9666665778759988e-18,2.9590550140250882e-18,2.893587626763461e-18,8.396963166627874e-19,1.0043852049765636e-18,1.0283469735742287e-18,1.0429756298424796e-18,1.0439984875742703e-18,119.3285942778487,-60.93356604738035,-999.0,-999.0
1090.3101969500467,1367.821693061075,1.85042683548962,4.8945326693164864e-17,4.8462894479551427e-17,4.2161972157006723e-17,4.189552989531193e-17,4.1294347319609206e-17,3.2282928395974955e-18,3.785830667451178e-18,3.875722865070953e-18,3.9224030498769734e-18,3.94003835649929e-18,119.30213150579664,-60.93113335875679,119.30213285151754,-60.93113381030613
1567.1922588906968,1393.6719170301146,4.308071290214226,1.6987527469121472e-19,3.0158789393202506e-19,3.582699752277819e-19,4.356043005619241e-19,5.021935991654126e-19,1.9034722080947949e-19,2.990922763467991e-19,3.582143571864196e-19,4.0170895157228084e-19,4.37484588883783e-19,119.28884416030448,-60.929611654535904,-999.0,-999.0
3094.5958319189144,1392.1656254177271,1.7191697128817733,3.4183202138830822e-18,3.378489638442476e-18,2.9368740469226655e-18,2.9225219833499417e-18,2.875937503156908e-18,8.531718982224311e-19,9.996748993451921e-19,1.023140933780186e-18,1.0364580537585025e-18,1.0406923796975783e-18,119.2458675187981,-60.925881316762585,-999.0,-999.0
3065.090850485405,1484.3229133550983,5.269063034609231,5.470161825173421e-16,9.995408233174296e-16,1.065979989040148e-15,1.1804216003181573e-15,1.180525027768625e-15,1.0793866145613944e-17,1.7197125396893524e-17,1.9496707671681633e-17,2.0837152279404022e-17,2.1097439895191098e-17,119.24716444393921,-60.92469419563641,119.24716010297678,-60.924694179977045
449.19687615422987,1472.0785484054293,7.96357746484981,1.5557653237656835e-19,3.5930959257583165e-19,4.695814412675852e-19,5.724907126938333e-19,6.208392075331305e-19,1.8218115169028378e-19,3.2640032697045465e-19,4.0987721072452944e-19,4.600954719528345e-19,4.858898995221329e-19,119.32069698839675,-60.93127653536337,-999.0,-999.0
2196.3552474484636,1480.6238192615228,1.9435887802737664,7.847519818148962e-18,7.912759259342434e-18,6.842434546486016e-18,6.743709137149478e-18,6.627413727480457e-18,1.2926737278358955e-18,1.5298090153736851e-18,1.561489098374255e-18,1.5739941144369268e-18,1.5790108675694292e-18,119.27158300990298,-60.92687960810353,-999.0,-999.0
2132.376069768183,1495.038502687321,1.9774906796787666,2.0678476519993756e-17,2.0681729972671936e-17,1.7950809218408127e-17,1.782039238675901e-17,1.75738430234763e-17,2.098346630716345e-18,2.4731583555897236e-18,2.528943866856929e-18,2.5582151850151114e-18,2.5704373826247195e-18,119.2734557400071,-60.926839606696106,119.27345064407324,-60.926837606098054
2307.303919209229,1516.7766996388548,1.9786113505324885,7.803260095249285e-17,7.784728789675272e-17,6.762789353517189e-17,6.714640645167215e-17,6.618770326106325e-17,4.0762047893642935e-18,4.798220853922739e-18,4.908627496991799e-18,4.965806167685291e-18,4.988411065272496e-18,119.26864473629317,-60.92611300016412,119.2686405996871,-60.926113764574396
1350.543829051638,1516.2727252015936,1.929242854851954,5.640215325340382e-18,5.701369926621831e-18,4.9565189289627286e-18,4.9366282240718785e-18,4.842691929378778e-18,1.0959025176206514e-18,1.2985750560929477e-18,1.329021508681459e-18,1.3467528559223829e-18,1.3498705084763894e-18,119.29555853102693,-60.92846651588825,-999.0,-999.0
3203.644954519729,1553.2834386400264,2.084709721553491,1.887461600211227e-16,1.8920834836276694e-16,1.6410513464574227e-16,1.6300747791321047e-16,1.6055584162995813e-16,6.339534657576311e-18,7.480484626428591e-18,7.646469614814516e-18,7.737268999825501e-18,7.769569472642086e-18,119.24361678978543,-60.9234106814323,119.24362394605066,-60.92341763750084
3647.482173059675,1535.3419878925388,1.6367191958030252,3.1066073335957673e-17,3.0560937419041025e-17,2.6492346140032534e-17,2.6286889362306572e-17,2.58816265513863e-17,2.5719409719883922e-18,3.0063637396211347e-18,3.072250802569485e-18,3.1070382451685928e-18,3.1193702726524602e-18,119.23104264482518,-60.92256318463916,119.23103654672839,-60.92255975884203
2851.0352607277287,1532.9914682637952,1.9079423489798788,9.050922227549959e-18,8.997171385792164e-18,7.807247808908899e-18,7.764961238865499e-18,7.624539120912359e-18,1.3882485132953287e-18,1.6312500501430048e-18,1.66789381685121e-18,1.6888585259508201e-18,1.6934191025376734e-18,119.25343193874932,-60.924555363152194,-999.0,-999.0
1560.2694737045258,1540.7206188380053,1.8773325576017927,5.164959666230508e-18,5.249061198642681e-18,4.58435662996043e-18,4.55814022998602e-18,4.494099016584031e-18,1.0487179560467613e-18,1.2460104499661212e-18,1.278176557964059e-18,1.2941455426222905e-18,1.3004666315347894e-18,119.28978146587204,-60.9276183654682,-999.0,-999.0
2771.847079629636,1565.6097637390758,16.298709556866296,5.176453938058351e-20,1.360572777165742e-19,2.321062905879128e-19,3.262832201506545e-19,3.8006340029098353e-19,1.0537549102242034e-19,2.0148124507433455e-19,2.8914813621813023e-19,3.4888371615479195e-19,3.8262741401517697e-19,119.25582452927011,-60.9243041676616,-999.0,-999.0
2799.159671347525,1565.2205769020584,6.172067472327032,6.5134579773962045e-19,1.2883941873195585e-18,1.6173548081897035e-18,1.8591499717974945e-18,1.9778742182110606e-18,3.7251368431639876e-19,6.17541927334505e-19,7.596334524766501e-19,8.273027926967947e-19,8.641094432451199e-19,119.25505430784233,-60.924242346735525,-999.0,-999.0
321.17224435808424,1588.4538555278848,11.998091635305922,6.003585567026684e-20,1.6999315052501065e-19,2.593758727261561e-19,3.0939605774401847e-19,3.6456479588928247e-19,1.1329658903488702e-19,2.2472992463035695e-19,3.0495051550252677e-19,3.3887804836832167e-19,3.732454413647476e-19,119.32488547144402,-60.92999837549556,-999.0,-999.0
3858.3331244764495,1648.556198621215,2.9887872226693215,2.9522907120350615e-16,3.15552695690945e-16,2.7425715569633966e-16,2.7243119658448733e-16,2.701988050974019e-16,7.928662847992258e-18,9.660529993601912e-18,9.885351237123625e-18,1.0003208751440595e-17,1.0080320302442231e-17,119.22568728333374,-60.920496214354536,119.2256904628274,-60.920495137033924
405.05731390336564,1602.9173867919424,1.0285901861500628,7.927742333092691e-20,2.2027366573244493e-19,4.377990504411414e-19,6.953462456564255e-19,8.358642682655775e-19,1.3019537589069995e-19,2.5583266855857707e-19,3.959233490441813e-19,5.069111246961715e-19,5.632053839898672e-19,119.32259791959918,-60.92959561562216,-999.0,-999.0
4068.9454667962373,1647.782536919398,2.017963793430509,4.351916739730666e-18,4.513505710246127e-18,3.932123885658652e-18,3.908467865661376e-18,3.832705261958044e-18,9.626437115927335e-19,1.1554133316705508e-18,1.1837615886135508e-18,1.1983689780340828e-18,1.2009599397809337e-18,119.2197605173259,-60.91998761689076,-999.0,-999.0
3989.5632966429625,1648.2967608909719,2.1992685770728864,5.534040653085762e-18,5.606789653172754e-18,4.904467368961076e-18,4.875999637174712e-18,4.806058357160291e-18,1.0855375288397512e-18,1.287754955311277e-18,1.322013310607674e-18,1.3384347635911373e-18,1.3447094433086095e-18,119.22199549039523,-60.920176300757014,-999.0,-999.0
3459.8228726623943,1676.6732088751548,5.978652228235969,2.999657684699449e-19,6.020280028251204e-19,8.598493583247041e-19,1.1321956431969796e-18,1.3131924752853983e-18,2.5292760941552575e-19,4.224727482628017e-19,5.544884332430654e-19,6.465937955175917e-19,7.056497797667413e-19,119.23703728982984,-60.921093530373895,-999.0,-999.0
2028.8988626643802,1687.6704238887703,3.2666771261155705,2.899248336056322e-18,3.3951003536214e-18,3.002407746248347e-18,2.991115793739916e-18,2.9558417497672053e-18,7.857306913270435e-19,1.0021169789403573e-18,1.034457430735984e-18,1.0484764461320198e-18,1.0549085507617438e-18,119.27734041307737,-60.92446023577942,-999.0,-999.0
1780.233088202588,1701.0428570973736,1.8113783901570144,4.652238270754183e-18,4.848360070689934e-18,4.2435674550550844e-18,4.19856665672455e-18,4.1595447602943916e-18,9.953021668762599e-19,1.1974949363727918e-18,1.2297187497649531e-18,1.2419875833884985e-18,1.25100207664687e-18,119.28440304527612,-60.92488739084812,-999.0,-999.0
2468.9435088717605,1707.5782526446878,2.0424977355043423,2.5018359466324683e-18,2.533711451382072e-18,2.216763670760021e-18,2.2179803618727646e-18,2.2010380700486987e-18,7.299067000756832e-19,8.657630040659958e-19,8.89012074546359e-19,9.031542261502705e-19,9.10844633465454e-19,119.26506312221127,-60.923107806613146,-999.0,-999.0
499.2536123446983,1729.9173759729526,2.059006721373957,7.527892386885996e-17,7.616326765672851e-17,6.64043363660152e-17,6.603232683009591e-17,6.508806189261125e-17,4.003629880201167e-18,4.746012267737374e-18,4.863952925568318e-18,4.924298579143573e-18,4.946540614420829e-18,119.32058705728598,-60.92762902674152,119.3205819126589,-60.92762906630778
1896.6551918141972,1737.0657026851225,2.1008668391904464,1.2108139247955212e-17,1.2423559913787305e-17,1.0838890998621105e-17,1.0769767631538229e-17,1.0600082297198255e-17,1.6056776379594586e-18,1.916842662023866e-18,1.965176480915871e-18,1.988867868881347e-18,1.9965185793257233e-18,119.28131002266909,-60.92410941436611,-999.0,-999.0
2226.9845055038004,1746.4411563287456,2.1076374493472616,2.4889460349782954e-17,2.528433816162804e-17,2.2002728449005886e-17,2.1813551386327042e-17,2.1481589495775622e-17,2.302108002455525e-18,2.73453892530001e-18,2.7998511467992076e-18,2.8303534586194422e-18,2.8418766877526134e-18,119.27206552174312,-60.9231706848514,119.27206472054279,-60.923176065865135
3873.3188761351953,1760.2637276039757,2.384464806376175,1.145278301159448e-16,1.1712909441841307e-16,1.0198389206992019e-16,1.0144868444335478e-16,9.998116249992961e-17,4.9382513573331525e-18,5.885587004201283e-18,6.027818809355165e-18,6.103738235791839e-18,6.1308713702417715e-18,119.22583282311886,-60.91893242994802,119.22583512783297,-60.918936281394366
485.02753447104567,1798.5477530717953,2.077381071526808,7.89237056571457e-17,8.015093524161494e-17,6.974924903621676e-17,6.92560892964158e-17,6.82292587794389e-17,4.099410275888911e-18,4.868684985680094e-18,4.984988339225239e-18,5.043148002065067e-18,5.064639588080227e-18,119.32133292553644,-60.92672549735017,119.32134227457288,-60.92673165111942
1066.8030431540785,1808.6358947124052,4.227885127821625,3.625603095902122e-19,6.831478694546852e-19,9.111730470662882e-19,1.1390801969904172e-18,1.3081816357908696e-18,2.78159464505452e-19,4.503208924506849e-19,5.714481324537582e-19,6.498504662903221e-19,7.065480853726533e-19,119.3050160869765,-60.92516443723219,-999.0,-999.0
3888.5352697837943,1813.4473662451162,2.066826693966802,4.5709233182128856e-18,4.622208925109337e-18,3.987420692547416e-18,3.9229659872638325e-18,3.848999640041809e-18,9.865751885774086e-19,1.1692707992348038e-18,1.19212561361294e-18,1.2007382026348385e-18,1.2037855141410912e-18,119.22567484793674,-60.91816799980048,-999.0,-999.0
2246.365248870387,1827.9498365508452,1.9009467869189511,6.8344055524213356e-18,6.914378344279661e-18,6.024903382528941e-18,5.9860133955169785e-18,5.927317172190323e-18,1.206353926079399e-18,1.4300620520282853e-18,1.4652800133309355e-18,1.4830161421800292e-18,1.4934244333460409e-18,119.27193249607618,-60.922008881734634,-999.0,-999.0
3979.142024146417,1856.234430549583,5.3468177783843895,2.0594810908756777e-19,3.814157855957271e-19,4.483938578951374e-19,5.008610992786846e-19,5.442751120053889e-19,2.0954682975318513e-19,3.362297524486729e-19,4.00486198762953e-19,4.304164846878746e-19,4.55054074136525e-19,119.22334416433104,-60.91735985764427,-999.0,-999.0
909.4681408316931,1910.8597247802343,2.3984656768967847,9.716754511027588e-17,1.0816842824018179e-16,9.518275307966904e-17,9.493809667370591e-17,9.377595821028387e-17,4.548632518895561e-18,5.6560621694507186e-18,5.823567475840257e-18,5.905062006407185e-18,5.93836173297091e-18,119.30995762725082,-60.9241519561674,119.30996000964696,-60.92415465580244
2851.396265284272,1901.125922016961,11.047822814192843,9.889535842316209e-20,2.714055508135253e-19,3.9962831185283094e-19,4.888240052744498e-19,5.212500071367778e-19,1.45285734056466e-19,2.8369685408530827e-19,3.7806327970859694e-19,4.2504282050753416e-19,4.450744497314442e-19,119.25528585166363,-60.919522303832714,-999.0,-999.0
3624.534218400089,1900.1573496655333,10.408988914047146,5.143794037731853e-20,1.5936443428055633e-19,2.421204901256972e-19,3.4622167503278996e-19,4.413081060042209e-19,1.0494402243692388e-19,2.1770309160232367e-19,2.948490180396417e-19,3.5852950436046573e-19,4.104817261095571e-19,119.23353860209795,-60.91763320782364,-999.0,-999.0
4040.0063974969557,1980.0813070987438,6.143438353610478,8.814907041348251e-18,1.8104210059013946e-17,2.2755997603242576e-17,2.6850192851322372e-17,2.887229136405334e-17,1.3711276138994436e-18,2.31675976978828e-18,2.853255513989162e-18,3.1512201473966792e-18,3.314210451581761e-18,119.22226141147337,-60.91551706065992,-999.0,-999.0
2771.697456119786,1913.7796889680383,2.0157432126865853,1.5657259058978052e-17,1.566738351002876e-17,1.3585627287862255e-17,1.3492208904166107e-17,1.3287123106732281e-17,1.8258952534504842e-18,2.1525676821411037e-18,2.2000738294929715e-18,2.225975731285337e-18,2.2350647240896733e-18,119.25759135561049,-60.91954523575173,119.25758858225855,-60.9195453480152
188.3089680539721,1926.4116580111813,2.1190475120171812,2.969193725162475e-17,3.057415400514085e-17,2.6699744796954892e-17,2.6503949777531435e-17,2.6141764651557264e-17,2.5144185783354734e-18,3.0070212336656973e-18,3.084270630284841e-18,3.119875847915834e-18,3.1350730865678686e-18,119.33032477205288,-60.925702384311045,119.3303238531046,-60.92570289522914
3169.6655970649826,1941.2832492819368,1.943256699635404,6.122829799129947e-17,5.980467727230054e-17,5.185853985579719e-17,5.153490687190535e-17,5.0769174504728765e-17,3.610715302329407e-18,4.205558692748951e-18,4.29834736709895e-18,4.3502809674207425e-18,4.368696638446265e-18,119.24653855668154,-60.91819070050765,119.24654199063022,-60.91819123317022
1371.6616938920981,1942.7437355410134,2.5338672944448124,2.117677873143611e-18,2.334760555549479e-18,2.059774018325664e-18,2.0547955788448324e-18,2.0220811400456105e-18,6.715524191134232e-19,8.311322113088621e-19,8.570874639724426e-19,8.695710921531864e-19,8.735528118719648e-19,119.29711644734728,-60.92258451573969,-999.0,-999.0
929.8634192656542,2001.5980293538848,2.44381387546671,3.2523839684225594e-17,3.445796190653212e-17,3.015742936768449e-17,2.9941642306761144e-17,2.9497673879242063e-17,2.6315954576951887e-18,3.1922985639207843e-18,3.277892135170361e-18,3.3160182060786864e-18,3.3301887151498442e-18,119.3098411921421,-60.922861525728514,119.30983653182966,-60.92285305373113
1660.1221298492492,2018.1755902005148,0.16074341825737745,2.0543462435319573e-18,1.852857898302719e-17,6.464866588982638e-17,8.37883113341449e-17,8.533669253526386e-17,6.617700183383063e-19,2.341309404032471e-18,4.799622374813375e-18,5.5476052106383274e-18,5.665024312858872e-18,119.28938311015992,-60.92084646813402,-999.0,-999.0
398.9747435413415,2002.9309275800135,2.362241382302963,2.3631725101737086e-18,2.4701765632652106e-18,2.1821326124530458e-18,2.1846639573040543e-18,2.1301199755257046e-18,7.09398570685556e-19,8.548624435896733e-19,8.820948917190207e-19,8.964566265752256e-19,8.962813515035087e-19,119.32478295034491,-60.92414150454187,-999.0,-999.0
1150.557511892574,2097.336511708796,3.379192928813548,4.211927187278118e-16,4.896771977953844e-16,4.270399470795366e-16,4.2376025492118792e-16,4.1765171982613937e-16,9.470409317664289e-18,1.2034833755792305e-17,1.2336628960034132e-17,1.2478757099862466e-17,1.2537922220333184e-17,119.30411568393805,-60.92101250372235,119.30411649022032,-60.92101835189513
3154.135139434649,2031.445581701499,1.9855077531974012,4.364801582009363e-18,4.4230302282798426e-18,3.868774437492333e-18,3.880020122384488e-18,3.812973684270187e-18,9.64070715610779e-19,1.143787290345161e-18,1.1742189224794923e-18,1.194061021905627e-18,1.197976226061473e-18,119.24743205973179,-60.91699646673861,-999.0,-999.0
194.8035020820718,2063.714756292783,3.9869240394339602,5.820355094516925e-18,9.543517506432039e-18,1.0827215663221003e-17,1.2244366177025773e-17,1.2893711714380116e-17,1.1135677045974468e-18,1.6809186777143883e-18,1.9660268673001413e-18,2.124304206898841e-18,2.2084315977846014e-18,119.33083286252419,-60.923809280558885,-999.0,-999.0
1875.684374934088,2065.783353296319,2.2438415148819457,1.563158338615286e-16,1.6136613697376302e-16,1.4072704729183202e-16,1.397229548708875e-16,1.376780995907484e-16,5.769264174989193e-18,6.908239186969389e-18,7.080963874683452e-18,7.163502233142064e-18,7.194991396769794e-18,119.28356040134702,-60.91966713317862,119.28356408820581,-60.919671749973816
2308.941664584025,2054.194892366575,1.980388885040749,2.1498087145509517e-17,2.1811580845970296e-17,1.8952532084976384e-17,1.8742165020584344e-17,1.8422687526610363e-17,2.1395278389424447e-18,2.539815331778699e-18,2.5985492534934774e-18,2.6235469324680586e-18,2.6317910574658903e-18,119.27131634575483,-60.91876248761129,119.27131104738969,-60.91876369456304
1069.0728760434931,2050.9432823829916,2.0129255973571807,4.3555653058109836e-18,4.5697499615609465e-18,4.003564585159119e-18,3.952059742249825e-18,3.891310467859001e-18,9.630552039504721e-19,1.1626181929477509e-18,1.1945359719193739e-18,1.2051794977970358e-18,1.210374459335472e-18,119.30617389859894,-60.92184622309635,-999.0,-999.0
2889.644791632004,2060.533628179115,2.033012784414717,1.6959634076459772e-17,1.693364662079484e-17,1.4711461853551027e-17,1.4543025057343756e-17,1.430920430816442e-17,1.9003220989686413e-18,2.2378808739382496e-18,2.2894595928572772e-18,2.3111184005284233e-18,2.319593335311035e-18,119.25501721548933,-60.91724926734775,-999.0,-999.0
3936.417543679086,2069.3835254543155,1.5769469710602355,2.895701784958832e-18,2.925483484824664e-18,2.5175385349001085e-18,2.4971641413084405e-18,2.4529487805254676e-18,7.852548841953313e-19,9.30264272243085e-19,9.473422692858895e-19,9.581871029301844e-19,9.613408298874716e-19,119.2256273215649,-60.914551782678714,-999.0,-999.0
711.4583017170393,2123.682527014841,1.9901110820977455,8.465944239890406e-18,8.606588149884649e-18,7.500558571718167e-18,7.467475269131627e-18,7.359170360462977e-18,1.342654496077488e-18,1.5955135255656816e-18,1.6349658547711318e-18,1.6565203285018761e-18,1.6642953895521266e-18,119.31660020086562,-60.92172669716566,-999.0,-999.0
2626.0935007923695,2131.889749908025,7.493255740828445,4.281886247443605e-19,1.0089562561134846e-18,1.4484546470912916e-18,1.9818720659121524e-18,2.325057182914327e-18,3.024482135902889e-19,5.474497588553697e-19,7.206911739892857e-19,8.5717700620539155e-19,9.417800395018726e-19,119.26278992599049,-60.916921542538546,-999.0,-999.0
2484.529477246524,2123.890194775964,2.5350397105053375,2.3383995001105877e-18,2.6225984271272396e-18,2.317577459635397e-18,2.3368187752729555e-18,2.341886882506114e-18,7.056877102179693e-19,8.808910585174142e-19,9.091799261501967e-19,9.273910131216501e-19,9.401778684058803e-19,119.26673059792856,-60.91737861776814,-999.0,-999.0
1804.2495311763557,2132.7023702283495,2.113483581673714,2.238530818470719e-18,2.410215030784819e-18,2.0888160001109177e-18,2.059612381209378e-18,2.01511461246957e-18,6.904649968669888e-19,8.44518046474836e-19,8.632741455066583e-19,8.709437283442707e-19,8.727145844931696e-19,119.28590752051689,-60.91892748270833,-999.0,-999.0
1676.6034236653932,2169.282619610864,4.926283059377706,2.0452748240112504e-18,3.672198120990135e-18,4.3343607744475214e-18,5.0552753578353534e-18,5.543411942099236e-18,6.605325886180399e-19,1.0438034920290442e-18,1.2462677647663905e-18,1.3693413193023005e-18,1.455532970006125e-18,119.28968234856434,-60.91874033083119,-999.0,-999.0
1204.1185201500107,2143.302104833373,3.394656111863295,9.37053018337712e-19,1.3449213939360215e-18,1.4652346179678036e-18,1.5143406424070969e-18,1.5362369352417835e-18,4.468079338755173e-19,6.310573868990602e-19,7.233661827323554e-19,7.47448444898849e-19,7.6308341436244e-19,119.30284085967493,-60.920252968474095,-999.0,-999.0
1521.8824959935062,2190.613027342772,2.1364518108685138,1.635639242270576e-16,1.6724782172310597e-16,1.455627320403582e-16,1.4448857840053587e-16,1.423904164104933e-16,5.9015044435084224e-18,7.03301650439218e-18,7.201605585171954e-18,7.28466533266909e-18,7.317128099796109e-18,119.29414168938354,-60.91882789165223,119.2941426791038,-60.918830026934266
2552.211513881602,2186.7292866308376,1.8015135030745213,2.9642015797436767e-18,2.90863887822047e-18,2.527914440763735e-18,2.458433286509337e-18,2.3845133422708106e-18,7.945382258931234e-19,9.277722781450231e-19,9.497663656707368e-19,9.51727580667023e-19,9.497162669678259e-19,119.265145044784,-60.91635338819536,-999.0,-999.0
171.92677301144857,2197.4514993947582,5.606620438960873,9.877841017902185e-19,1.9380721182928423e-18,2.489527137637671e-18,3.0215986114648173e-18,3.304858543771014e-18,4.587746145391826e-19,7.574951211397784e-19,9.426272806701151e-19,1.0549421318158292e-18,1.1173512011166007e-18,119.33214922258813,-60.9220366693325,-999.0,-999.0
1953.590222068615,2210.374115837017,2.3255055365664883,7.927383407699905e-17,8.147997130464602e-17,7.104749235265858e-17,7.053535954254818e-17,6.957425995729732e-17,4.108504079560081e-18,4.9089227391449136e-18,5.031262660455595e-18,5.089709244306565e-18,5.114678781931788e-18,119.28209958309523,-60.917499445626234,-999.0,-999.0
2217.801565698282,2222.1762137266765,2.2746907602159445,2.0929174803978976e-17,2.1062312992458453e-17,1.8353069852689677e-17,1.8196041699633493e-17,1.788340614606671e-17,2.1110366254963435e-18,2.495841184567958e-18,2.557200072930584e-18,2.585198364251985e-18,2.5932772287999342e-18,119.27472866038781,-60.91668987853466,119.2747242732698,-60.91668684498122
2780.262765706728,2259.447424084296,2.0731861314263904,3.48904974069076e-17,3.3502004961516676e-17,2.89489154908652e-17,2.871156135890834e-17,2.834011426294186e-17,2.7256669263665186e-18,3.147736545543423e-18,3.211622547502738e-18,3.247354528423251e-18,3.2644983133338772e-18,119.25909992847517,-60.91479906801426,119.25909909554686,-60.91479801627843
2649.4405613714584,2296.298344235703,1.1299157406661315,2.815196497704759e-17,2.7266233938454366e-17,2.3582497475468203e-17,2.3412841886892893e-17,2.3083159975245888e-17,2.448344466786258e-18,2.839697307985063e-18,2.8986419341949e-18,2.9323148430825145e-18,2.945986103227907e-18,119.26296510615495,-60.914616769022906,119.26296755476994,-60.91461904897339
2429.8413604727266,2299.4821230299935,1.9799872390328361,3.4361402201904977e-18,3.502701705657015e-18,3.057812116639984e-18,3.0253160284041782e-18,2.984473866715308e-18,8.554006986613055e-19,1.0179112221117668e-18,1.0440568487421837e-18,1.0546605479767342e-18,1.0603901953758488e-18,119.26915646842785,-60.915112588337465,-999.0,-999.0
3506.3499114882898,2321.3435942338924,13.639485017129628,1.8072492488073256e-19,5.151413278994347e-19,8.151299884466661e-19,1.1128397583397266e-18,1.3556467131404494e-18,1.966583266273392e-19,3.913934488190336e-19,5.408844308699307e-19,6.427482186942881e-19,7.196475462886118e-19,119.2389972340426,-60.9121671346775,-999.0,-999.0
2541.865780206347,2333.3454974667657,1.9681678204728177,1.9181325362472027e-17,1.917041520656271e-17,1.6607609513907675e-17,1.6482615462968348e-17,1.6207923029510613e-17,2.02095817193231e-18,2.381082472907553e-18,2.432490983240072e-18,2.4603253580989452e-18,2.468536326171201e-18,119.26617750923434,-60.91437458269619,-999.0,-999.0
3572.4176440939573,2414.2534095526507,3.8987084491522896,4.6719160645078e-16,6.278872809247694e-16,5.512482739722136e-16,5.482214421738359e-16,5.404692431499231e-16,9.974213207519432e-18,1.362785921168019e-17,1.4016489642429102e-17,1.4193703274749846e-17,1.4263161255004152e-17,119.23761064731796,-60.91073452438409,119.2376074206277,-60.91073246134818
3706.650205727584,2343.6364268239954,1.9346311639373206,1.2476602624350494e-17,1.2451627457585754e-17,1.0782243217846175e-17,1.0692957735627284e-17,1.0530867560012966e-17,1.6299258364601425e-18,1.9190088054475904e-18,1.9600408789334625e-18,1.9817768873191743e-18,1.9900151901339584e-18,119.23347869657523,-60.91136923279688,-999.0,-999.0
3671.9326045863504,2362.4667322937157,1.8532612581262597,7.490222077291735e-17,7.386887455688446e-17,6.396443801075531e-17,6.357888784934628e-17,6.257503669546534e-17,3.9935953595699676e-18,4.673964222470131e-18,4.773721099054673e-18,4.83187445334207e-18,4.8499675441558945e-18,119.23455026084802,-60.91119734771052,119.23454837861861,-60.911197463846925
2324.1019120354654,2389.43593631827,2.0463106744072537,1.2716881887445873e-16,1.280109917220666e-16,1.1123751413345191e-16,1.1051078299004313e-16,1.0887883816380041e-16,5.203647605675488e-18,6.152913367966178e-18,6.295344976245967e-18,6.37050781074159e-18,6.397835889481297e-18,119.27258468443685,-60.91414251187136,-999.0,-999.0
2530.107021892885,2364.939117592924,1.7652284564123915,1.5539654579342646e-17,1.526740630650629e-17,1.3222990929449751e-17,1.3113899776304325e-17,1.291602336782184e-17,1.8190299437507216e-18,2.124932631233777e-18,2.170561153763888e-18,2.1946478281238857e-18,2.203819105344548e-18,119.26666793855831,-60.91397158192288,-999.0,-999.0
337.44232764244555,2407.8136415734684,2.0084436811652293,9.611694586324625e-18,9.877782448343727e-18,8.639392572229645e-18,8.572853941158404e-18,8.432851085379921e-18,1.430613201906767e-18,1.7092322550047069e-18,1.754566943833596e-18,1.7746174911210856e-18,1.7810601112073072e-18,119.32855146671616,-60.918756258858416,-999.0,-999.0
1360.8867934139396,2421.648924811786,6.453742387801211,2.2248575286919255e-19,4.52054438880329e-19,5.300279561354977e-19,6.047582034394858e-19,6.387528425729804e-19,2.17802185895466e-19,3.6601834223611787e-19,4.353677037580601e-19,4.728218323868488e-19,4.928164252757876e-19,119.2998352024312,-60.91606377499793,-999.0,-999.0
221.61678778051044,2460.9361103411247,2.168123618748271,6.230848373005128e-17,6.267014079577794e-17,5.4628178247973136e-17,5.4308057958939997e-17,5.353281827007081e-17,3.64242719269973e-18,4.305133889632802e-18,4.411640649994766e-18,4.46580240163916e-18,4.486042024546858e-18,119.33207672412071,-60.918312874929946,119.33207611480334,-60.91831438081795
1561.7189966274875,2454.5091948088775,2.271556769461269,9.783095770490215e-18,1.0018324797775002e-17,8.749397148146054e-18,8.717982527148356e-18,8.605495578757065e-18,1.4433048767849546e-18,1.7213209438331906e-18,1.7656323039918957e-18,1.7894301713418095e-18,1.798927393844516e-18,119.29435282582467,-60.91512259337389,-999.0,-999.0
1181.5010213683224,2486.0058223773763,9.711281233334166,1.377921720580285e-19,3.2870360854809266e-19,4.786622051969515e-19,6.448737843579883e-19,8.00151736322534e-19,1.7158395222881684e-19,3.124923606564973e-19,4.143179155423642e-19,4.89030879341131e-19,5.523819248195414e-19,119.30520477682741,-60.91562315179165,-999.0,-999.0
3669.182553552775,2510.642670916032,2.031550932355874,1.2134187052978153e-17,1.2355958745667646e-17,1.0779466928207166e-17,1.073377062544878e-17,1.057730212666165e-17,1.6074060203490846e-18,1.9116289829124693e-18,1.9598035044517975e-18,1.9855847431758984e-18,1.9944518500233883e-18,119.23537882532847,-60.909178753738864,-999.0,-999.0
2081.7243682506614,2516.603642890233,2.117671793794753,7.850122837579284e-18,8.068904611227094e-18,7.041922613247984e-18,6.98774555253553e-18,6.8794007549624094e-18,1.2928896638041703e-18,1.5448334676108968e-18,1.5840959414666223e-18,1.6022339277705655e-18,1.6087730749044566e-18,119.2800429517238,-60.91299886975443,-999.0,-999.0
479.5399910437402,2541.5785565689594,13.204394293370767,9.366276669577954e-20,2.344196488299606e-19,3.4998795316522367e-19,4.645766358910151e-19,5.499385279402096e-19,1.4161986412251654e-19,2.6423253578890147e-19,3.5489257822671585e-19,4.1619879150929743e-19,4.599928849514327e-19,119.32522765025263,-60.91658021874545,-999.0,-999.0
301.71140324380144,2541.968443095322,2.412713198085501,8.146569166936592e-18,8.455683964121412e-18,7.391947515812006e-18,7.33096317880398e-18,7.223798331379077e-18,1.3170745534619818e-18,1.5814218435834377e-18,1.6229782794083422e-18,1.6410911129502825e-18,1.6485133811525103e-18,119.33023140290739,-60.917009352810936,-999.0,-999.0
2911.2133530354736,2557.7264289379673,2.037480471905872,3.9367879175355195e-18,3.975545278275868e-18,3.4436412399497104e-18,3.441539894647695e-18,3.36390359058631e-18,9.155893027227236e-19,1.0844095580053722e-18,1.1078883743653864e-18,1.1246996614232205e-18,1.1254700018870871e-18,119.25692729805304,-60.91039989879526,-999.0,-999.0
2433.668246070706,2561.1148636777784,1.9989967047443513,3.964643271466369e-18,4.094796217933747e-18,3.544431435133504e-18,3.522867212127647e-18,3.474228453817404e-18,9.188185109528527e-19,1.1005351919445882e-18,1.1239388884927658e-18,1.1378201959264983e-18,1.1435988498929297e-18,119.27037155717926,-60.91152668228886,-999.0,-999.0
3374.0544557568337,2566.4594667392666,1.9450113817872166,2.2997491625007307e-17,2.2993437142612322e-17,1.994856235736276e-17,1.9801296504643536e-17,1.9476885781282286e-17,2.2128815486286527e-18,2.607716361384876e-18,2.6659547047488866e-18,2.6966515610667737e-18,2.706031680681161e-18,119.24395878538998,-60.90914226882748,-999.0,-999.0
1009.5385209837299,2570.601195568372,2.308069818123598,1.1474689447335343e-17,1.1847494726285006e-17,1.0308857590638185e-17,1.0255432654621648e-17,1.0094751459461998e-17,1.5631162038423748e-18,1.8718889463430082e-18,1.9165616124697845e-18,1.940871248841138e-18,1.9484885499249736e-18,119.31046739769526,-60.9148874618263,-999.0,-999.0
1120.4220480075444,2572.6146540351956,8.407341892070349,1.0095205409136113e-19,2.3727080355040508e-19,3.218500318482043e-19,3.934425815801688e-19,4.480545064622354e-19,1.4683762920880018e-19,2.6543664653953124e-19,3.3970153543330235e-19,3.8210269794620614e-19,4.13831284407824e-19,119.3073590795649,-60.91458859307447,-999.0,-999.0
1379.0698327437558,2651.8789758705493,13.130280647844938,1.1122674828862267e-19,2.5759890401174694e-19,3.7664802859781086e-19,4.991154371734908e-19,6.3501222556584445e-19,1.5415338911848006e-19,2.76641382579435e-19,3.6752995745286793e-19,4.302730808855141e-19,4.920735790645566e-19,119.30048482419588,-60.91287174789392,-999.0,-999.0
2890.483302151632,2649.340121893978,2.2530179330165523,5.383534974923897e-18,5.483993936262445e-18,4.7607166432790776e-18,4.752978867205191e-18,4.708502581050231e-18,1.0706776439999752e-18,1.273586464384035e-18,1.302524940604291e-18,1.3215024603094082e-18,1.3310982624284938e-18,119.25797372381513,-60.909198535992736,-999.0,-999.0
3702.995479001858,2692.994411460033,2.5309284860528436,1.1050101082704818e-19,2.457097750881225e-19,3.6781560322598066e-19,5.099040209940412e-19,6.037699159543572e-19,1.5373948024546953e-19,2.704309607873274e-19,3.6364277230962905e-19,4.355813326093942e-19,4.812240314160933e-19,119.23535269594053,-60.90660298599333,-999.0,-999.0
1093.031268018499,2684.9747553721495,2.2078986131702205,1.9719121166678805e-17,2.0433224216452426e-17,1.7824433319514372e-17,1.770212861649122e-17,1.7465149551429008e-17,2.0490982441788165e-18,2.4582710137714184e-18,2.520065354138478e-18,2.5497931834720364e-18,2.562625397936686e-18,119.30869559675133,-60.91311950645955,119.30870207471415,-60.913121316041114
2330.1753568687363,2694.1738197575746,10.208111835673764,3.382997297842464e-19,8.194508195256899e-19,1.194343410539234e-18,1.4848366252573746e-18,1.62527688668972e-18,2.6850233596248052e-19,4.925463047733284e-19,6.528060543179721e-19,7.393201687453825e-19,7.832170549891854e-19,119.27395400722396,-60.909961808626996,-999.0,-999.0
2167.405870675144,2746.268555884805,7.990753629988282,2.1216322474980038e-19,4.759971621752307e-19,6.207475211986936e-19,7.056350393480908e-19,7.632744224451442e-19,2.1267461275929983e-19,3.7551179081232366e-19,4.709119101579603e-19,5.102735794902396e-19,5.378250354732775e-19,119.27879377635044,-60.90964907841489,-999.0,-999.0
3963.2714377117672,2786.341207440752,1.4244288307736002,3.925961154637795e-17,3.8684945818807826e-17,3.356666597312259e-17,3.332085987840976e-17,3.278143812574813e-17,2.8912804268496012e-18,3.3824178544340847e-18,3.4581657091671713e-18,3.498044840700025e-18,3.510486033141201e-18,119.22850970432214,-60.90468597556573,119.22850637397814,-60.90468333732392
725.1044566380684,2817.6571032350175,2.0923924477199414,9.579416102184786e-17,9.750622989631562e-17,8.48885671114927e-17,8.42745197308884e-17,8.31088996949924e-17,4.516349020262421e-18,5.370003259546288e-18,5.499477027521741e-18,5.563214445242905e-18,5.5897962752180034e-18,119.31971080482461,-60.91220546703092,119.3197140494878,-60.91220354043189
1599.3175854045019,2807.5359527021446,6.199936763206571,1.7668033890874616e-19,3.48077789284365e-19,4.543007268043644e-19,5.441866738229865e-19,6.436785036774845e-19,1.9419104361723748e-19,3.2145296918928803e-19,4.035527508408989e-19,4.493550510829278e-19,4.9581586105907785e-19,119.2950764529222,-60.91020428219415,-999.0,-999.0
2959.426464968429,2809.1262577327216,8.520810003646039,4.205961709106299e-19,9.43243964958927e-19,1.3842342932768836e-18,1.875591623465578e-18,2.2023456828707876e-18,2.994991311083557e-19,5.287483656913223e-19,7.033752529359814e-19,8.318734407700826e-19,9.131922264318073e-19,119.25684398314799,-60.90684488898604,-999.0,-999.0
1682.7731702040364,2826.9372489203042,4.597931540688738,2.332077700524143e-19,3.982214084940248e-19,4.1584707503328823e-19,4.646120633518696e-19,5.094611032313728e-19,2.2296710218570626e-19,3.4354192995564783e-19,3.8574131358647505e-19,4.146717474347563e-19,4.4045149769364205e-19,119.29282768610581,-60.90973456597211,-999.0,-999.0
2397.1962670445228,2859.3026199949836,1.810397149765451,8.011456242763962e-18,8.027500272219833e-18,6.978898113457085e-18,6.947934131034587e-18,6.8523878572588404e-18,1.3060962317055476e-18,1.5408249205003627e-18,1.5768919490199446e-18,1.5974570581641672e-18,1.6052283248331039e-18,119.2729041013144,-60.907539979241925,-999.0,-999.0
3807.8248695788457,2931.631158000522,3.62819787485392,3.8813232097936156e-18,6.019768792988458e-18,6.6089314985014836e-18,7.543787044199139e-18,8.004950487321446e-18,9.091754902616675e-19,1.3345220317776823e-18,1.5349983592832347e-18,1.6654208810156231e-18,1.7365043536705904e-18,119.23361574360074,-60.90308299315395,-999.0,-999.0
3728.1193093491543,2924.819053847769,1.8137119606824073,8.426501490372422e-18,8.460084189987902e-18,7.318957977720477e-18,7.259523162515163e-18,7.152282483326009e-18,1.3395040223667021e-18,1.5818064786601672e-18,1.6148805510838247e-18,1.6329410376896654e-18,1.6400843188322187e-18,119.23582157003874,-60.903372384929135,-999.0,-999.0
2202.1223303293045,2956.74633176575,1.239817940749557,7.640703862012904e-20,2.0545159660041693e-19,3.7407674416674573e-19,5.500970097334822e-19,6.407778421207386e-19,1.2776971640848698e-19,2.4698860711555827e-19,3.6591150523421862e-19,4.50874432264003e-19,4.93204814026276e-19,119.27888079091737,-60.90668661135669,-999.0,-999.0
3905.627919916171,2957.3620995800834,3.1628631454578096,6.41119999313677e-18,7.584604560523973e-18,6.7711899696696934e-18,6.7127759937540355e-18,6.6157813751071105e-18,1.1683983435786162e-18,1.497725522574054e-18,1.553267844750434e-18,1.5702313634976999e-18,1.5773468525467958e-18,119.23099721482119,-60.90249039353055,-999.0,-999.0
1814.2294665128973,2984.945754735633,4.852422598353737,1.7220431607980614e-18,3.1824128795545163e-18,3.834959192214641e-18,4.632064408609193e-18,5.222429302016729e-18,6.057956749977392e-19,9.708435466623704e-19,1.170370749896726e-18,1.3069868261325607e-18,1.4059047985637445e-18,119.28992877451249,-60.907252301609866,-999.0,-999.0
2856.9880532574693,2964.387927721441,1.8992616426082196,6.680620413157026e-18,6.622819661547068e-18,5.752347375524831e-18,5.722309963873553e-18,5.624763785905149e-18,1.192698990207787e-18,1.399568974171737e-18,1.4317096024962724e-18,1.449892113289555e-18,1.4546494764731906e-18,119.26050923465725,-60.90497428114565,-999.0,-999.0
1571.8135336319485,3001.1680893613648,3.285921616367398,1.2171919521089088e-16,1.3930986616586366e-16,1.222147883063138e-16,1.211735518130795e-16,1.1940702578046818e-16,5.090943290226062e-18,6.418747179827434e-18,6.5987372342375516e-18,6.670925026589546e-18,6.700319129702547e-18,119.29682641028664,-60.90762452733628,-999.0,-999.0
2209.808950982675,3006.3413663927104,1.9704934078671972,2.57505318889718e-18,2.603271383211051e-18,2.2768902140645457e-18,2.2484472434025047e-18,2.215745587042652e-18,7.405007318004909e-19,8.775321355855967e-19,9.009014536866505e-19,9.09166899149294e-19,9.13579141323463e-19,119.27891517007227,-60.90598977412447,-999.0,-999.0
2776.226157405894,3023.756013836284,2.2988232095879813,3.386712084017172e-17,3.541635843541702e-17,3.258354980995169e-17,3.269997553470934e-17,3.2337541859142655e-17,2.6853865603520455e-18,3.2363772483710557e-18,3.407155569757086e-18,3.465315036236738e-18,3.486659793059211e-18,119.26307981451187,-60.90436116433516,119.26308336006645,-60.90435380403993
240.22961601341643,3041.026231382397,2.09812284753642,1.6837978141464054e-17,1.719720175375605e-17,1.5003660670627974e-17,1.4908522679994808e-17,1.4696597651327107e-17,1.89349170382093e-18,2.255218575538782e-18,2.3120580261082013e-18,2.339923654420463e-18,2.350677475139143e-18,119.33447019963181,-60.91033623488827,-999.0,-999.0
1914.4618491787853,3051.8480991898505,2.0612458764954784,4.319375713588202e-18,4.4556723018742075e-18,3.881454168319889e-18,3.856088343899685e-18,3.786538878279544e-18,9.590390333074341e-19,1.147991586179639e-18,1.176121161424305e-18,1.1903354919949944e-18,1.1937476826684334e-18,119.28744834491788,-60.9060920012919,-999.0,-999.0
930.5545745554326,3061.999541977428,1.8257422909304926,4.7766392533356515e-17,4.6989424893591994e-17,4.08101018835371e-17,4.055623118622164e-17,3.999509447181424e-17,3.1891769725511014e-18,3.72783703050156e-18,3.8130892567264425e-18,3.8592147715311044e-18,3.877588783989668e-18,119.31516361721022,-60.90836248954337,119.31516235652742,-60.9083611637316
1830.4911677839286,3123.8743962961976,3.3120898607675793,3.7948590632750458e-16,4.3141529342278146e-16,3.749842731138766e-16,3.7204785082238443e-16,3.667320130835121e-16,8.989221697307695e-18,1.129594372177012e-17,1.1559619925970146e-17,1.1691202672330758e-17,1.174621746967724e-17,119.29017257670796,-60.90531318883797,119.2901757720154,-60.90531450938747
2108.440572352073,3086.810634200231,2.0400912292308186,2.9825023402592725e-17,2.990938057016394e-17,2.6022137181965955e-17,2.5825503834636795e-17,2.5465650923471577e-17,2.5200410481599537e-18,2.9741292681907806e-18,3.0448283011938686e-18,3.0795760110274977e-18,3.0940626403793845e-18,119.28217133680407,-60.905138386818166,119.2821696062655,-60.905137455755735
307.60197717466315,3086.7320368819787,13.235052153304405,5.551356852996544e-20,1.398752302415877e-19,2.209270644962637e-19,2.994370359191303e-19,3.3482308235832765e-19,1.089717402806617e-19,2.0397031853599544e-19,2.816311750882502e-19,3.334968517596252e-19,3.580592843314044e-19,119.33280538341907,-60.90954681027208,-999.0,-999.0
2881.904049795339,3105.6757795570143,1.9677810955520432,7.637653831275054e-18,7.562612051851549e-18,6.562785452382808e-18,6.5094418767569885e-18,6.4282558293987495e-18,1.2752670946285702e-18,1.4955629483089444e-18,1.5292080506544758e-18,1.5463293467092159e-18,1.5549455476114962e-18,119.26052347141587,-60.90298170735092,-999.0,-999.0
2379.6232587001514,3141.331974869096,2.109503269449618,7.261999598054184e-17,7.303863325125164e-17,6.341320220220465e-17,6.297199213704298e-17,6.20312438877025e-17,3.932286376606688e-18,4.647633074945408e-18,4.753130004958203e-18,4.808805489848807e-18,4.82893583242684e-18,119.27482310790421,-60.90372773614097,119.27482358696042,-60.90373224006434
1333.1551708436637,3145.9778344899332,14.485344634028383,1.5479845265152088e-19,3.976892429422503e-19,6.214136412513053e-19,8.417463056276127e-19,9.966518227715966e-19,1.8174403813442696e-19,3.4338910277947835e-19,4.713411574741661e-19,5.574072256203689e-19,6.144992483616164e-19,119.30426662313697,-60.906229251374725,-999.0,-999.0
2869.6832387211743,3175.543839896623,2.1194279692923867,1.1324591876733396e-17,1.1226578771781295e-17,9.748625760237305e-18,9.661255022594676e-18,9.508157225606887e-18,1.5528518267959135e-18,1.822152649753161e-18,1.8636962188798755e-18,1.883684088471911e-18,1.8908007018861913e-18,119.2612203585554,-60.90205666468586,-999.0,-999.0
3235.0206710707325,3219.623278859455,2.0739053289072897,4.7159944635282914e-17,4.6282561967714216e-17,4.011785553881392e-17,3.989521813452822e-17,3.9400906649526137e-17,3.1688655727671827e-18,3.699685836330032e-18,3.780596254358168e-18,3.827604991158219e-18,3.848619810752567e-18,119.25117451695068,-60.90055609415729,119.25118148846428,-60.90055783051468
3713.1297208240007,3233.272955603014,0.5787624071965081,3.4925940912490633e-20,1.199266815955827e-19,1.9151658682848508e-19,2.7427138100411344e-19,3.710688248650473e-19,8.698843725861327e-20,1.8983119083225201e-19,2.6398915226688553e-19,3.2211355825903936e-19,3.8096323650926896e-19,119.23780604724558,-60.899193119476394,-999.0,-999.0
2688.325878575126,3216.188493605851,2.0470332687543222,1.3103771100775196e-17,1.316741273594993e-17,1.1453521716786685e-17,1.1421981633335702e-17,1.1263259950101886e-17,1.670385903782609e-18,1.9733807141380585e-18,2.0200956960462304e-18,2.0481398056341516e-18,2.057903146379716e-18,119.2665236587387,-60.901946563541124,-999.0,-999.0
1058.84740244038,3246.691266469739,2.494465986213585,9.684973656785047e-18,9.933487431817827e-18,8.647377956959349e-18,8.58842443038137e-18,8.462632599282402e-18,1.4360505217101598e-18,1.7140240014987567e-18,1.7553259580306938e-18,1.776121355171987e-18,1.7840027526664547e-18,119.31248641456963,-60.90552364342599,-999.0,-999.0
1203.2631861489813,3260.355770439399,2.4597961362937526,8.20104542603335e-17,8.367486239455024e-17,7.2884940567001e-17,7.239986987843798e-17,7.137105977051498e-17,4.1788029258914866e-18,4.974548845613036e-18,5.095776427028132e-18,5.156270158113186e-18,5.179803133790764e-18,119.30849491325179,-60.90498347844424,119.30849967628934,-60.90498741962364
3553.401632785356,3292.925246827638,7.8823892156290105,9.263060684065612e-20,2.07549230361826e-19,2.790831170957397e-19,3.5557248402670456e-19,4.201446472201344e-19,1.4070288843007037e-19,2.483977141419097e-19,3.1662303211830045e-19,3.6370661897464047e-19,4.0138608769922923e-19,119.24259733607542,-60.89877089810044,-999.0,-999.0
1468.3423776351303,3302.5960467526124,2.4304617719338193,8.682375193676775e-18,8.996646923657555e-18,7.877197483104501e-18,7.810801871943341e-18,7.689213400477947e-18,1.3596899570701116e-18,1.6311974915043996e-18,1.6753348208902394e-18,1.6938082156254616e-18,1.7005322637038929e-18,119.30125524300443,-60.903757104136396,-999.0,-999.0
2440.572290787057,3316.8994439820826,5.711973020218241,2.5213895537371327e-19,5.043074801850156e-19,6.344057743175903e-19,7.938008034502961e-19,8.92374517365204e-19,2.3180043096501036e-19,3.8643694390683033e-19,4.759209748217718e-19,5.408268885059993e-19,5.807712721730322e-19,119.27399675164652,-60.90117811858313,-999.0,-999.0
334.37992391076324,3329.105721995612,2.203053232620437,8.498972795383194e-18,8.585120830870577e-18,7.480831898152633e-18,7.441801374376321e-18,7.347576738477962e-18,1.3452521402874791e-18,1.5934536011959488e-18,1.6326418577436115e-18,1.6533151561160701e-18,1.6623246669406948e-18,119.33327094577241,-60.906167604596,-999.0,-999.0
2180.3894448938063,3372.5405079629772,1.2011648609244139,1.4207530980772288e-16,1.3966517487691437e-16,1.2108488609997406e-16,1.2020173351245342e-16,1.1845531749243548e-16,5.500186131470082e-18,6.426923201878455e-18,6.5681570650242256e-18,6.644107280699944e-18,6.673539255387988e-18,119.28159132630509,-60.901055869459434,-999.0,-999.0
3110.883030746387,3376.1446610619005,5.404803381730764,6.635614227255778e-17,1.4011463113967112e-16,1.3302658884424047e-16,1.4934315832730683e-16,1.5862103105470544e-16,3.759036653953963e-18,6.437568908515645e-18,6.885142668323694e-18,7.40711822825205e-18,7.7246923677465e-18,119.25545561936077,-60.89872176417192,-999.0,-999.0
2656.3989297618577,3350.5339274284684,4.806388994068699,1.7168557181082328e-19,3.1092365357870996e-19,3.5302044485302436e-19,4.041374236760622e-19,4.280615457654119e-19,1.9129499891508332e-19,3.0350162524173323e-19,3.5521918588412876e-19,3.8634175887733555e-19,4.0311036431086187e-19,119.26810014926261,-60.90018848384708,-999.0,-999.0
2296.6181141827155,3354.1935176244833,7.84172153353698,2.335264099915802e-19,5.283281061055137e-19,7.902759429856639e-19,1.0573807374745436e-18,1.2142302834814748e-18,2.231149496876199e-19,3.9558738686869633e-19,5.311896926149612e-19,6.2413953230762195e-19,6.773266911114226e-19,119.27823156137035,-60.90102155431715,-999.0,-999.0
3533.099038871641,3369.6901398624855,1.21258445374718,4.2279539552444595e-20,1.116454867206792e-19,2.0803750235825534e-19,3.312494127232348e-19,4.1075748211808156e-19,9.512423714829153e-20,1.8226077707891474e-19,2.731859744792462e-19,3.5029246993503283e-19,3.9544808027738626e-19,119.24355670826299,-60.897771562741816,-999.0,-999.0
466.7404084240879,3379.016108843511,2.3642168084644406,9.55632151044828e-18,9.895054959336751e-18,8.616488462882252e-18,8.515375683029439e-18,8.361877616711522e-18,1.4264806298663757e-18,1.7107044376266327e-18,1.7521865084589503e-18,1.768550449137808e-18,1.773350591371139e-18,119.32980024095464,-60.905161942619024,-999.0,-999.0
424.50604155968824,3391.1169850368087,2.36250969479207,5.0577377138024436e-17,5.143089673737552e-17,4.490667710708939e-17,4.468040413500961e-17,4.4040720770678706e-17,3.2816725920993027e-18,3.900027799194216e-18,3.999867041235491e-18,4.0506290284014465e-18,4.068873147930592e-18,119.33104858871333,-60.90509965851449,119.33104541442376,-60.90509562217521
2233.6145500040857,3397.4050795786147,0.1643785004163478,2.448226794284809e-20,1.157223474286353e-19,2.1416787155304035e-19,2.907655679806107e-19,4.881630562406449e-19,7.359766029163787e-20,1.8738535686870593e-19,2.803277673187147e-19,3.339654308060307e-19,4.385619888811562e-19,119.2802207391637,-60.90058540390257,-999.0,-999.0
3499.9986335994104,3381.6238684673954,2.1889640732967544,1.5173331384778845e-17,1.5047198856011043e-17,1.3052219234816903e-17,1.2985891185980184e-17,1.2784319526625282e-17,1.79745718638683e-18,2.109535276202171e-18,2.1564556040522874e-18,2.183818735085517e-18,2.192384919347297e-18,119.24454738871604,-60.89768988788005,-999.0,-999.0
1503.061044465615,3378.958402576165,4.53050713699751,2.963075722051644e-19,4.981371307205518e-19,5.355556354302629e-19,5.629588407078951e-19,5.688355537406849e-19,2.5126183234999436e-19,3.8404819430922186e-19,4.37316538155605e-19,4.556896582239548e-19,4.642741270607328e-19,119.30066410768399,-60.90262812713544,-999.0,-999.0
3383.195001560542,3386.0006800606197,6.612212112348028,6.07114528489277e-20,1.5229149770052404e-19,2.2165295483805683e-19,2.9068579485294126e-19,3.459258428187548e-19,1.139306158698452e-19,2.127664239386444e-19,2.820615872316161e-19,3.285935117115264e-19,3.6375394205711694e-19,119.24785220082639,-60.89791741697405,-999.0,-999.0
3338.5548922656526,3428.2395025300466,2.369149175676625,2.4209345530705146e-16,2.4036435512108855e-16,2.0804585956505284e-16,2.06505159070008e-16,2.035102079856808e-16,7.179765238451762e-18,8.431328279071821e-18,8.609598037824247e-18,8.70876300894835e-18,8.74762200379276e-18,119.24932059026925,-60.89744984721467,119.24932445058917,-60.89745141431943
3955.576739316592,3399.2455659512584,2.3825634647846985,3.3380817160876617e-18,3.435408333160293e-18,2.9976369065011223e-18,2.9759007747265524e-18,2.9389496352647552e-18,8.430963281899077e-19,1.0080458479814973e-18,1.0336327220861257e-18,1.0458030272708977e-18,1.051884314771567e-18,119.23183369486502,-60.8963274635241,-999.0,-999.0
2596.3905677947523,3411.3219477020407,3.213111926973261,1.0302990419890717e-17,1.41637874310474e-17,1.2818517911971696e-17,1.2711273638662848e-17,1.2527758830065103e-17,1.4811565444618853e-18,2.0466735676809738e-18,2.137056451712366e-18,2.1605924444861564e-18,2.170252075317587e-18,119.27009404422566,-60.899504859395485,-999.0,-999.0
3376.736821776093,3407.0739505365145,2.7978003024807996,9.225676080761658e-19,1.1560777239820628e-18,1.1224374488235488e-18,1.1568044728925112e-18,1.141109907804752e-18,4.43251146616998e-19,5.848337130108752e-19,6.326335234131346e-19,6.523012248380735e-19,6.559380300029127e-19,119.24814038422149,-60.89764524914165,-999.0,-999.0
3891.110568746463,3416.136541681036,3.388065558138448,9.870743524683042e-19,1.4920693057643942e-18,1.6569691426426035e-18,1.883614133723547e-18,1.978720082857921e-18,4.58495562945404e-19,6.644121801547665e-19,7.686196433790448e-19,8.322385399847121e-19,8.634415083164101e-19,119.23373091592615,-60.896255365616554,-999.0,-999.0
1753.2175985188555,3428.410301359972,8.456270517149585,8.377556897544654e-20,2.0098311822905233e-19,2.6452025561689303e-19,3.38128031130367e-19,3.616418787848526e-19,1.337217871850824e-19,2.441865715282643e-19,3.077689480864855e-19,3.537893983864469e-19,3.7121858006320655e-19,119.29388113214748,-60.90133930786692,-999.0,-999.0
2504.4786016130497,3444.907728971875,6.086899834136023,1.8567785023618532e-19,3.6969290709345133e-19,4.335624316070712e-19,4.928827273440246e-19,5.347897052693483e-19,1.9892026869676226e-19,3.3087217223563466e-19,3.934845869347969e-19,4.263262312285471e-19,4.4993341152158e-19,119.27284714342217,-60.899271375207206,-999.0,-999.0
1109.0450867928967,3464.897968795637,3.2864424832661294,4.57436162383816e-17,5.123780557445975e-17,4.496652873111941e-17,4.464465999034189e-17,4.399571595462503e-17,3.1209229924505457e-18,3.892711777497081e-18,4.002560730463968e-18,4.049069123961286e-18,4.066906126048971e-18,119.31217397932808,-60.902417615999305,-999.0,-999.0
3210.879143967227,3498.4497449639794,2.0596013010919876,1.3152627261973358e-17,1.2917239250133548e-17,1.1171569102735557e-17,1.109541628353466e-17,1.0895175637309207e-17,1.6734928007292213e-18,1.954530000409471e-18,1.9950412220562484e-18,2.018577136575881e-18,2.0238676887288665e-18,119.25326409345625,-60.896804092249084,-999.0,-999.0
3316.5462173766355,3514.346995289315,2.0345473943284653,9.284091689721357e-18,9.395414682603368e-18,8.400715143459834e-18,8.461401655870977e-18,8.406376315029844e-18,1.4060130830878022e-18,1.6669462923861467e-18,1.730082616725441e-18,1.762877257726121e-18,1.7779457379285646e-18,119.25037494298392,-60.89632695362265,-999.0,-999.0
2989.707059027663,3518.1445354177977,2.131673974955553,2.746861174497429e-17,2.7223435377581794e-17,2.3577899202335578e-17,2.3385416984619494e-17,2.3015221777326037e-17,2.4184385318073272e-18,2.837435731929094e-18,2.898278515291418e-18,2.930430513830544e-18,2.941340407112214e-18,119.25957955396011,-60.89707852335589,119.25956826585167,-60.89707751768465
3362.702062333949,3524.0591193071864,2.0132399882782863,8.132794507780738e-18,8.057878618890259e-18,6.983654488368638e-18,6.922496899870163e-18,6.8128918212705375e-18,1.3159507557237359e-18,1.543741537713521e-18,1.577439446011732e-18,1.5945524258678964e-18,1.6006378543396545e-18,119.24912698782111,-60.896080679782656,-999.0,-999.0
3857.2900604194647,3537.0762910004023,1.9384550370035734,9.18823735375122e-18,9.090533251261754e-18,7.90503300550109e-18,7.841771652873463e-18,7.723974257462833e-18,1.3987355602020139e-18,1.639676665703183e-18,1.6782681004483675e-18,1.697112852003674e-18,1.7042787667766053e-18,119.2352942108176,-60.89468557036076,-999.0,-999.0
4035.944766647363,3544.403993988948,1.913328161751152,2.878497718405019e-17,2.87656867440043e-17,2.4906910621364263e-17,2.4728379305964255e-17,2.435662056708552e-17,2.4757098385080428e-18,2.9167029878320364e-18,2.97884667139578e-18,3.0134084361651107e-18,3.02585827862214e-18,119.23031115391996,-60.89414539245289,119.23031526928627,-60.894148916719004
1933.021569025805,3664.9485099376416,7.775570333495985,6.184344466194346e-19,1.3602224498678668e-18,1.7873591228823776e-18,2.1663976032648965e-18,2.3836162484108108e-18,3.630063639043752e-19,6.345588326234696e-19,7.9860676770301825e-19,8.930778736178468e-19,9.48585239386098e-19,119.29002007899082,-60.89766501055113,-999.0,-999.0
1413.9101527404073,3675.171696513804,2.417494293384583,3.540037556024394e-17,3.577335005408739e-17,3.106159199312727e-17,3.08109793589085e-17,3.036776272780534e-17,2.7454978052503588e-18,3.2526378927704683e-18,3.32661604494219e-18,3.363707847701434e-18,3.3787517267344656e-18,119.30466297443022,-60.898796814232824,119.30466271109145,-60.89879766204967
822.501682831817,3675.4271214389973,5.0247671878919276,1.6323248417450035e-19,2.8658270011372006e-19,3.561306223800251e-19,4.2374331792116567e-19,4.741811592080152e-19,1.8652780357984463e-19,2.913920189919277e-19,3.5675536558046613e-19,3.9551072687957577e-19,4.2399841430764024e-19,119.3212891471085,-60.90024005100705,-999.0,-999.0
3176.570140170366,3725.742877350736,2.2566359210999147,3.892187143094768e-18,3.95059326005562e-18,3.422596191827548e-18,3.3919855319765576e-18,3.3583917069986427e-18,9.103769619491959e-19,1.08095963712653e-18,1.1043935194585313e-18,1.1163626402881115e-18,1.1241446199714838e-18,119.25537820806265,-60.893781483191425,-999.0,-999.0
1592.9521331871251,3767.3372526966127,2.3426200650222073,1.748341165737848e-17,1.74637863415379e-17,1.5156827913332993e-17,1.505739631935281e-17,1.4827289773754702e-17,1.929437809986263e-18,2.2726201991397307e-18,2.3238028628182857e-18,2.3515226453580387e-18,2.3610049591529667e-18,119.3000948129971,-60.89709842630051,119.30010250346423,-60.89710009720621
1179.1639235425757,3776.6551751568845,2.0789969672323716,2.9311690252487825e-17,2.9459698586504615e-17,2.5635566451427006e-17,2.544230290823395e-17,2.5080932704511207e-17,2.4982596264839825e-18,2.9516850336550987e-18,3.0221229303133818e-18,3.056633646897592e-18,3.0705847579753878e-18,119.31177267059138,-60.89798387213964,119.3117753589919,-60.89798646537105
1708.2914603089735,3777.63377477958,1.2825284231622427,1.6679796354483835e-17,1.6449507383933444e-17,1.425102846421096e-17,1.414700009489715e-17,1.3934409838428317e-17,1.884573722877385e-18,2.2056390098138363e-18,2.2533002995455205e-18,2.2793350389523893e-18,2.2888299813032047e-18,119.29690484408762,-60.89667516602082,-999.0,-999.0
3919.4120546018044,3790.191030392534,10.579057774475464,1.2398034737367673e-19,3.2121572670713687e-19,4.956870483396318e-19,6.844224452238757e-19,7.997928950470751e-19,1.627826869759209e-19,3.089151407404383e-19,4.2154767041689566e-19,5.036132618433832e-19,5.521829867243643e-19,119.23483123628199,-60.89107285709175,-999.0,-999.0
754.5433150768382,3790.0945598778812,2.096373891307343,4.09601090478514e-17,4.073485397061798e-17,3.5402726526590375e-17,3.517626271889782e-17,3.4681887069986284e-17,2.9532325097940923e-18,3.470874139927307e-18,3.551475708676118e-18,3.594095662405672e-18,3.610770359050587e-18,119.32377641580396,-60.89883843252753,119.32377580007729,-60.898837507855475
1433.8295761276406,3843.2413359776247,2.760984719173441,1.4854570894817122e-17,1.571821772543165e-17,1.371309879230538e-17,1.3623026878816665e-17,1.343565947784529e-17,1.7784749586082646e-18,2.156049939644171e-18,2.2103528432280638e-18,2.2367031270215404e-18,2.2474520049172016e-18,119.30494981410175,-60.89645032658672,119.30495038636808,-60.896453073689685
408.0515485700392,3844.876443938858,4.472625027497538,1.6995337031612858e-19,2.852295599468263e-19,3.2669344099924315e-19,3.65597633929347e-19,3.942468524737126e-19,1.9033457385026014e-19,2.907314382529258e-19,3.4180077073160876e-19,3.676460985769424e-19,3.8715720708640184e-19,119.33379219788736,-60.89893590643939,-999.0,-999.0
1943.0103297475196,3865.2118942121806,4.772692394552333,2.4560479717564543e-19,4.267437568419939e-19,4.971859614159015e-19,5.6027200810225045e-19,5.986163710862999e-19,2.287636763471315e-19,3.554764047779187e-19,4.2134901132837298e-19,4.545098415408175e-19,4.760039546912953e-19,119.29074946558222,-60.894902781099354,-999.0,-999.0
1687.126757082285,3899.8569408002586,2.1800502976802396,1.1058714381628058e-16,1.1131418192164716e-16,9.674933196116919e-17,9.604026011647119e-17,9.470621903012386e-17,4.8525531892679154e-18,5.737645951714573e-18,5.8711224222033296e-18,5.938886924528358e-18,5.9670932140143844e-18,119.29811581881326,-60.89505609532491,119.29811902131499,-60.89505776780672
3359.201317704402,3929.2519503243825,15.38591613836536,8.140148736237844e-20,1.9583757699833999e-19,2.9711454946564593e-19,3.867032825723602e-19,4.459459044245089e-19,1.319166850179499e-19,2.4128626145831726e-19,3.265352065321591e-19,3.78960947524568e-19,4.130604420674959e-19,119.25127594759053,-60.89055061636599,-999.0,-999.0
2084.630965279146,4036.250877395764,2.3213437931271494,2.0810720494182305e-17,2.0530906937687813e-17,1.7772080764459464e-17,1.761306568426376e-17,1.7337179536325295e-17,2.105042826911953e-18,2.4641142048367616e-18,2.5162982832178726e-18,2.5432405487046655e-18,2.552979918688693e-18,119.28763215421776,-60.89221741960432,119.28763016139156,-60.89221547276962
1220.7630174020594,4067.6891413009935,2.2631510379976776,1.4975480381188337e-17,1.498895350263738e-17,1.3031856826705092e-17,1.292044617559686e-17,1.272508319126167e-17,1.785701143190884e-18,2.1054527715513714e-18,2.1547833210708833e-18,2.178331450186325e-18,2.1873413971001836e-18,119.31206870368531,-60.89390321942177,-999.0,-999.0
3755.5853840015175,4066.735899388061,2.012183234025033,1.739790117741571e-17,1.6972747430565806e-17,1.469913747830921e-17,1.4591979082546815e-17,1.4382282423939552e-17,1.924710002214963e-18,2.2404296130745586e-18,2.288416752257517e-18,2.3148308551953295e-18,2.3251854933131754e-18,119.24083492591569,-60.88769615722211,119.24083192176268,-60.88769650711871
1191.5416875962112,4068.296482877049,6.203243594776621,2.914068948345081e-19,5.761073497426758e-19,7.347108079535116e-19,8.752800172819235e-19,9.445926263257664e-19,2.492201209490782e-19,4.1309305299643187e-19,5.122854434721292e-19,5.68183769700998e-19,5.980853139432931e-19,119.31289304729407,-60.893966401612374,-999.0,-999.0
2636.8243627698807,4070.2533069025953,6.498825857815971,4.678025071287383e-19,9.661440618697492e-19,1.1819065934994005e-18,1.3307302600236303e-18,1.361733156793555e-18,3.1565533248204124e-19,5.346526145736443e-19,6.491461285187054e-19,6.995099873542359e-19,7.163023007133461e-19,119.27228665843934,-60.890397994613465,-999.0,-999.0
3641.298898826767,4082.8949970635144,2.0761926661304138,1.0214203713113297e-17,1.0188339709020833e-17,8.848541705837062e-18,8.814257170720688e-18,8.686121533871827e-18,1.4747545978735427e-18,1.7358363292854583e-18,1.775536083032009e-18,1.79913590477498e-18,1.8070624417263207e-18,119.24412760443937,-60.887756531487504,-999.0,-999.0
3088.085067160437,4135.460638575062,1.755051896151966,1.418402458427677e-17,1.3857956848238927e-17,1.2001921719288849e-17,1.1932552389674408e-17,1.1755468010413391e-17,1.737868328039272e-18,2.0244434587999344e-18,2.0678384407306276e-18,2.0933068534460107e-18,2.102186161677804e-18,119.25993658225005,-60.88839831986693,-999.0,-999.0
2296.6112125489085,4184.980857674144,6.717461483335389,3.2369779873054847e-19,6.61616585488422e-19,8.276354322014236e-19,9.296054944220867e-19,9.874045451680773e-19,2.626341404065236e-19,4.425966569677278e-19,5.435371436737456e-19,5.852818278709138e-19,6.110466159208921e-19,119.28242571706676,-60.88966441127183,-999.0,-999.0
3965.406248172698,4190.855577737802,1.6878445327671268,1.3628248873876942e-17,1.3338643126107545e-17,1.1546510446812112e-17,1.1473866850680116e-17,1.13311152729568e-17,1.7034818415965646e-18,1.9861543132176542e-18,2.0282399558307148e-18,2.052705952107344e-18,2.0639430453886923e-18,119.23556896603681,-60.88548305008335,-999.0,-999.0
3419.1483067193026,4217.83698412168,2.5440239225230044,4.4173453265138754e-17,4.399337318720991e-17,3.811842320316371e-17,3.784276696466132e-17,3.725946213333761e-17,3.0668836354804196e-18,3.607014860571059e-18,3.6851431228687695e-18,3.727768371575831e-18,3.742427592599584e-18,119.25105178753047,-60.88645845447735,119.25104761865235,-60.88645873176355
360.0450811267149,2475.917799498103,2.96893883408217,3.041354939688376e-16,3.2620784682225693e-16,2.8417760428190377e-16,2.822445620259294e-16,2.7833283420224973e-16,8.047391430372486e-18,9.822354845444747e-18,1.0062741200746217e-17,1.018217481529006e-17,1.0231675025835078e-17,119.3282583321996,-60.91776990915392,119.32826347200296,-60.91776826045721
382.39239944162307,2525.3055622083075,1.957550233590092,1.1977043693581584e-16,1.1945687681112294e-16,1.0404117990545267e-16,1.0338657229550535e-16,1.0191687348465654e-16,5.050020180484295e-18,5.943813225553016e-18,6.088388763353086e-18,6.161914835375976e-18,6.190222934246431e-18,119.32787823501846,-60.917040075996,119.32787785081699,-60.91703781362246
